"ses_gender","ses_born_canada","vote_intention","vote_probability_to_vote","issue_gst_opposed"
"female",1,"cpc",1,1
"female",1,"lpc",1,0.67
"female",1,NA,1,1
"male",1,"lpc",1,1
"female",1,"cpc",1,0.33
"male",1,"lpc",1,0.67
"male",1,"lpc",1,1
"male",1,NA,1,0.67
"female",1,NA,1,0.67
"female",1,NA,1,1
"male",1,"lpc",1,1
"female",1,"cpc",1,0.33
"female",1,"lpc",1,0.33
"female",1,"lpc",NA,1
"male",1,NA,1,0.33
"female",1,"lpc",1,0.33
"female",1,"cpc",0.67,1
"female",1,"lpc",1,0.33
"female",1,"lpc",0,1
"female",1,NA,0.67,1
"female",1,"cpc",1,1
"female",1,"cpc",1,0.67
"female",1,"lpc",1,0.33
"female",1,"cpc",1,0.33
"female",1,"lpc",1,0.67
"male",1,"cpc",1,1
"male",1,"lpc",1,1
NA,1,"lpc",1,1
"female",1,"lpc",0,1
"female",1,NA,0,0
"male",1,"lpc",1,0.67
"female",1,NA,1,1
"female",1,"lpc",1,1
NA,1,"lpc",1,1
"female",1,"lpc",1,1
"female",1,"cpc",1,1
"female",1,"lpc",1,1
"female",1,"lpc",1,1
"female",1,"ndp",0.67,1
"female",1,NA,1,0.67
"female",1,"lpc",0.67,1
"female",1,"lpc",1,1
"female",1,NA,1,0.33
"female",1,NA,1,1
"female",1,NA,1,0.67
"female",1,"lpc",1,0.67
"male",1,"lpc",1,0
"female",1,"lpc",1,0.33
"male",1,"lpc",1,1
"female",1,"cpc",1,0.67
NA,1,"lpc",1,0.33
"female",1,NA,1,1
"female",1,NA,1,0.33
"male",1,"lpc",1,1
"male",1,NA,0.67,1
"female",1,NA,1,1
"female",1,"lpc",1,1
"male",1,NA,1,0.33
"female",1,"cpc",NA,0.67
"female",1,"lpc",1,0
"female",1,"lpc",0.67,0.67
"female",1,NA,1,0.67
"female",1,"lpc",1,0
NA,1,NA,1,1
"female",1,NA,1,1
"female",1,"lpc",1,0.67
"male",1,NA,1,0.67
"male",1,NA,1,0.33
"female",1,NA,1,1
"male",1,"lpc",1,0.33
"female",1,"lpc",1,1
"male",1,"lpc",0.67,0.67
"female",1,NA,1,0.33
"female",1,"lpc",1,0.33
"male",1,"lpc",1,1
"female",1,"cpc",1,0.67
"female",0,"cpc",0.67,1
"female",1,"ndp",1,1
"male",1,"lpc",1,1
"female",1,"lpc",1,0.33
"female",1,"cpc",1,0.33
"female",1,"lpc",1,1
"male",1,NA,1,0.67
"female",1,"lpc",1,0.33
"female",1,"cpc",1,0.67
"male",1,NA,1,1
"male",1,"lpc",1,0.67
"female",1,"lpc",1,0.67
"female",1,NA,1,1
"female",1,NA,0.67,0.33
"male",1,"cpc",1,1
"female",1,"ndp",1,1
NA,1,"lpc",1,1
NA,1,"lpc",1,0
"male",1,"lpc",1,0.67
"female",1,"cpc",1,0.33
"female",1,"lpc",1,1
"female",1,"cpc",1,0.33
"female",1,NA,1,0.33
NA,1,NA,0.33,1
"female",1,"cpc",0.67,1
"male",1,NA,NA,1
"male",1,NA,1,NA
"female",1,"lpc",1,1
"female",1,"lpc",1,0.67
"female",1,NA,1,1
"female",1,"cpc",1,0.67
"female",1,"lpc",1,1
"male",1,"lpc",1,0.67
"female",1,"cpc",1,0.67
"female",1,"cpc",1,0
"female",1,NA,1,0.33
"female",1,NA,0.67,1
NA,1,"lpc",1,0.33
"male",1,NA,1,1
"female",1,"lpc",1,0.33
NA,1,"lpc",0.67,0.33
"female",1,"cpc",1,0.67
"female",1,"ndp",1,0.67
"male",1,"ndp",1,1
"female",1,"cpc",0.67,1
"female",1,"lpc",1,1
"female",1,"cpc",1,0.33
"female",1,"lpc",1,1
"male",1,NA,NA,1
"male",1,NA,NA,0.33
"female",1,NA,1,0.67
"female",1,NA,0.67,0
"male",1,"lpc",1,0.67
"female",1,NA,0,0
"male",1,"lpc",1,NA
"female",1,"lpc",NA,1
"female",1,NA,0.67,0.33
"male",1,NA,0.67,0.67
"male",1,"lpc",1,1
"male",1,"lpc",1,1
"female",1,"cpc",1,0
"female",1,NA,0,1
"female",1,"lpc",1,0.33
"female",1,NA,1,1
"female",1,"ndp",0,1
"male",1,"lpc",1,1
"female",1,"rpc",1,1
"female",1,"cpc",1,0.67
"female",1,"rpc",1,1
"male",1,NA,1,0.67
"female",1,NA,1,1
"female",1,"lpc",1,0.67
"female",1,"lpc",1,1
"female",1,"cpc",1,0.33
"female",1,"ndp",1,1
"female",1,NA,0.67,0.67
"female",1,"lpc",1,0.67
"female",1,"lpc",1,0.33
"female",1,NA,0.67,0.67
"female",1,"lpc",1,0
"female",1,"lpc",1,1
"female",1,NA,1,0
"male",1,"cpc",NA,1
"female",0,"cpc",1,1
"female",1,"cpc",1,1
"female",1,NA,1,1
"female",1,NA,1,1
"female",1,"ndp",1,1
"female",1,NA,0,NA
"female",1,"ndp",1,1
"female",1,"lpc",1,1
"female",1,"lpc",0.67,1
"female",1,NA,1,1
"female",1,NA,1,0.67
"female",1,"lpc",1,1
"female",1,"rpc",1,1
"female",1,NA,1,1
"female",1,NA,0,1
"female",1,"lpc",0,1
"female",1,"lpc",1,1
"female",1,"lpc",1,1
"female",1,"cpc",NA,1
"female",1,NA,1,0.67
"female",1,"cpc",1,0.33
"female",1,"lpc",0.67,1
"female",1,NA,1,1
"female",1,NA,1,1
"female",1,"cpc",1,0.33
"female",1,"cpc",1,0.33
"female",1,"ndp",1,1
"female",1,NA,1,1
"female",1,NA,1,1
"female",1,NA,1,1
"female",1,"cpc",1,1
"female",1,"cpc",0.67,1
"male",1,"lpc",1,1
"female",1,"lpc",1,0.67
"female",1,"cpc",1,0.33
NA,1,NA,1,1
"male",1,"ndp",0,1
"female",1,"cpc",1,0.67
"female",1,"lpc",1,1
"male",1,NA,1,1
"female",1,NA,1,1
"female",1,"cpc",0.33,0.67
"female",1,NA,1,0.67
"female",0,"cpc",1,0.33
"male",1,"cpc",1,1
"male",0,"lpc",1,0.67
"female",1,NA,0.33,0.33
"female",1,"lpc",1,1
"female",1,NA,1,0.33
"female",1,"lpc",0.67,1
"male",1,"lpc",1,1
"female",1,"lpc",1,0.67
"female",1,NA,1,1
"female",1,"lpc",1,1
"male",1,NA,1,0
"male",1,NA,1,0.33
"male",1,"cpc",0.67,1
"male",1,NA,1,1
NA,1,NA,NA,1
"female",1,NA,0.67,1
"female",1,"lpc",1,0.67
"male",1,"cpc",1,0.67
"female",1,NA,0,1
"female",1,"lpc",0.67,0.33
"female",1,NA,1,1
"female",1,"rpc",1,1
"female",1,"lpc",1,0.67
"female",1,NA,1,0.33
"male",1,"lpc",1,0.67
"female",1,"lpc",1,0.67
"female",1,"cpc",1,0.67
"female",1,"lpc",1,1
"female",1,"rpc",1,1
"female",1,"cpc",1,1
"female",1,"cpc",1,0.33
"female",1,"rpc",1,0.33
"male",1,NA,1,1
"female",1,NA,0.33,0.67
"female",1,"lpc",1,1
"female",1,"lpc",1,1
"female",1,"lpc",1,1
"female",1,"ndp",0,1
"female",1,"lpc",1,0.33
"female",1,NA,NA,1
"female",1,"ndp",1,1
"male",1,"lpc",0.33,0.67
"male",1,NA,0.67,1
"female",1,"ndp",0.67,1
"female",1,NA,1,1
"male",1,NA,1,1
"female",1,"lpc",1,1
"female",1,"lpc",1,1
"female",1,NA,1,1
"male",1,"cpc",0.67,0.33
"male",1,"lpc",1,0.67
"male",1,"lpc",1,1
"female",1,"bq",1,1
"male",1,NA,1,1
NA,1,NA,1,1
NA,1,"cpc",1,0.67
NA,1,"cpc",1,1
NA,1,NA,NA,0.67
"female",1,"bq",1,0.67
"male",1,NA,0.67,0.67
"female",1,"cpc",0,0.67
"male",1,NA,1,0.67
"male",1,"lpc",0.67,0.67
"female",1,"bq",0.67,1
"female",1,NA,1,1
"female",1,NA,NA,1
NA,1,NA,1,1
"female",1,NA,0.33,1
"male",1,NA,1,1
"female",1,NA,0.67,1
"female",1,NA,0.67,0.67
NA,1,NA,0,0.33
NA,1,"bq",0,1
NA,1,"bq",1,1
"female",0,"cpc",1,1
"male",1,NA,1,1
NA,1,NA,1,0.33
"male",1,"cpc",1,1
"female",1,NA,1,1
"female",1,"cpc",1,0.67
"male",1,NA,1,NA
"male",1,"bq",0.67,1
NA,1,NA,0.67,1
"male",1,"bq",1,0.33
"female",1,NA,1,0.67
"female",1,NA,1,0.67
"male",1,"bq",0.67,0.33
"female",1,NA,NA,0
"female",1,"bq",1,0.33
"female",1,NA,1,0.67
"female",1,"bq",1,0.67
"male",1,"bq",0,1
"male",1,"cpc",1,0.33
NA,1,NA,1,0.67
"female",1,"bq",0,1
"female",0,"bq",1,1
"female",1,"cpc",1,0
"male",1,"bq",0.67,1
NA,1,NA,1,NA
"male",1,NA,1,0.67
"male",1,"bq",1,0.67
"male",0,NA,1,0.33
"male",1,NA,0.67,1
NA,1,"bq",1,0.67
NA,1,NA,1,NA
"female",1,"bq",1,1
"male",1,NA,0.33,1
"male",1,"lpc",1,1
"male",1,"bq",1,1
NA,1,"bq",1,0.67
"male",1,"bq",1,1
"male",1,"lpc",1,1
"male",1,"cpc",0.67,0.67
"male",1,"bq",1,0.67
"female",1,NA,0,0.33
"female",1,"bq",1,0.67
"female",1,"bq",1,0.67
"female",0,"lpc",1,0.67
NA,1,NA,1,1
"male",0,"bq",1,0.67
"female",1,"bq",1,0.33
"male",1,"bq",0.67,0.67
"male",1,"bq",1,1
"female",1,NA,1,1
"female",1,"lpc",1,0.67
"female",1,NA,0.67,1
"male",1,"cpc",1,1
"male",1,NA,1,1
"male",1,NA,0.67,0.67
"female",1,NA,1,1
"male",1,"bq",1,0.67
"female",1,NA,0,1
"male",1,NA,0.67,1
"female",1,NA,0.33,0.33
"male",1,NA,1,0.33
"male",1,"cpc",NA,0.67
"male",1,NA,1,1
"male",1,NA,1,0.67
"male",1,"lpc",0,1
"female",1,"bq",1,0.33
"female",1,"cpc",1,NA
"female",1,"bq",1,0
"female",1,"cpc",1,1
"male",1,"cpc",1,0.33
"male",1,NA,1,1
"female",0,NA,NA,1
"female",1,"bq",0,1
"male",1,"bq",1,1
"female",1,"cpc",0.67,0.33
NA,1,"lpc",1,0.33
"male",1,"bq",1,0.67
NA,1,"cpc",1,0.67
"male",0,"cpc",1,0
"female",1,"bq",0.67,1
"female",0,NA,0,NA
"female",1,NA,1,1
NA,1,"bq",1,0.67
"male",1,"bq",1,0.67
"female",1,"bq",1,1
NA,1,NA,0.67,1
NA,1,NA,0.67,1
"female",1,"bq",0.67,1
"female",1,NA,1,1
"male",1,NA,1,1
"male",1,"lpc",1,1
"male",1,NA,1,0.33
"female",1,"lpc",0,0.33
"female",1,NA,0.67,1
"male",1,"bq",1,1
"male",1,NA,1,1
"male",1,"cpc",0.67,0.33
NA,1,"cpc",1,0.67
"female",1,NA,0.67,1
"female",1,"lpc",1,1
NA,1,NA,0,1
"male",1,"bq",1,0.67
"female",1,"bq",0.67,1
"female",1,NA,1,1
"female",1,"bq",1,1
"female",1,NA,1,1
"female",1,NA,1,1
"female",1,NA,0.67,0.67
"male",1,"lpc",1,1
"male",0,NA,0.67,0.33
"female",1,"lpc",1,0.33
"female",1,NA,1,1
"male",1,"bq",1,0
"female",1,"bq",1,0.33
"female",1,"bq",1,0.67
"male",1,NA,1,1
"female",1,"cpc",1,1
"male",1,"cpc",1,1
"male",1,NA,1,0.67
"female",1,NA,0.33,0.67
"female",0,"lpc",1,0.67
"female",1,"lpc",1,1
"female",1,"cpc",1,0
"male",1,NA,0.67,1
"male",1,"lpc",1,0.33
"female",1,NA,0.67,1
"male",1,"bq",1,1
"male",1,"bq",0.67,1
NA,1,"lpc",1,1
NA,1,NA,0.67,1
"female",1,NA,1,0.67
"male",1,NA,1,0.67
"female",1,"bq",1,0
"female",1,"bq",1,1
"female",1,"bq",1,1
"male",1,"cpc",1,1
"male",1,"bq",1,1
"male",1,NA,1,0.67
NA,1,"bq",1,0.33
NA,0,NA,0,0.67
NA,1,NA,0.67,1
"female",1,"lpc",1,0.67
NA,1,NA,0.67,0.67
"male",1,"bq",1,0.33
NA,1,NA,1,1
"female",1,"bq",1,1
"male",1,"cpc",1,0.33
"male",0,NA,1,1
"male",1,"lpc",1,0.33
"female",1,"bq",1,1
"male",1,"lpc",1,0.67
NA,1,"bq",1,1
"male",1,NA,1,0.67
"male",1,NA,1,1
"male",0,NA,1,1
"male",1,"bq",1,1
"male",1,"cpc",1,0.33
"male",1,NA,1,1
NA,1,NA,1,0.33
"male",1,"cpc",1,0
"male",1,"bq",1,1
NA,1,NA,0.67,1
"male",1,"lpc",1,0.33
"male",1,"bq",0.67,1
"male",1,NA,0.67,0.33
NA,1,NA,1,1
NA,1,"bq",1,0.67
NA,1,NA,1,0.33
NA,1,NA,0.67,1
NA,1,"bq",1,0.67
"male",1,NA,1,0.33
"female",1,"lpc",1,0.67
"female",1,NA,1,1
NA,1,NA,1,1
"female",1,NA,0.67,1
"male",1,"bq",1,0.67
"male",1,NA,1,1
"male",1,"bq",0.67,1
"female",1,"ndp",0.67,1
"female",1,"lpc",1,1
"male",1,"cpc",0.67,1
"female",1,"lpc",1,1
NA,1,"lpc",1,0.67
"female",1,"lpc",0.67,0
NA,1,NA,1,1
NA,1,"bq",0.67,0.67
"female",1,"bq",1,0.67
"male",1,"ndp",0.33,1
"male",1,"bq",1,1
"female",1,NA,1,1
"female",1,NA,1,0.67
"female",1,NA,0.67,0.67
"female",1,NA,1,0.67
"female",1,NA,1,0.33
"female",1,NA,1,0.33
"female",1,NA,0.67,NA
"female",1,"bq",1,0.67
"male",1,NA,0.33,1
NA,1,NA,1,0.67
"female",1,NA,1,1
"male",1,"bq",1,1
"female",1,NA,1,1
NA,1,NA,1,0.67
"male",1,NA,0.67,1
"female",1,"cpc",0,1
"male",1,NA,1,1
"male",1,NA,0,1
"female",1,"lpc",1,0.33
"female",1,"bq",1,0.67
"male",1,NA,0,1
"female",1,"bq",1,0.33
"male",1,"lpc",1,1
"female",1,"bq",0.67,1
"female",1,"lpc",1,0.67
"male",1,"lpc",1,0.67
NA,1,NA,0.67,1
"female",1,"bq",1,0.67
"female",1,"lpc",1,1
"female",0,"bq",1,NA
"male",1,NA,1,1
NA,1,NA,0,1
NA,1,NA,1,1
"female",1,"bq",1,1
"female",0,"lpc",0.33,1
"female",1,"lpc",0.67,0.33
"male",1,"bq",1,1
"male",0,NA,1,1
"male",1,"cpc",1,1
"female",1,NA,1,1
"male",1,NA,0,1
"male",1,"lpc",1,0.33
"female",1,"lpc",1,0.33
"female",1,"cpc",1,0.67
"male",1,NA,1,1
"male",1,NA,1,1
NA,1,"cpc",1,NA
"female",1,"bq",1,1
"female",0,"lpc",1,0.67
"male",1,"bq",1,1
"female",1,"bq",0.33,1
"female",1,"cpc",1,1
"male",1,"bq",1,1
"male",1,NA,1,1
"male",0,NA,1,1
NA,1,NA,1,1
"male",1,"lpc",1,1
"male",1,NA,0.67,1
"male",1,NA,NA,1
"male",1,NA,1,0.67
"male",0,NA,1,0.67
"male",1,"bq",1,0.67
"male",1,NA,0,0.33
"female",1,NA,1,0.33
NA,1,NA,1,0.33
"male",1,"bq",0.67,1
"male",1,"cpc",1,0.67
"male",1,NA,1,0.67
"male",1,"lpc",1,1
NA,1,"bq",1,1
"male",1,NA,1,0.67
NA,1,NA,0.67,0.33
"male",1,"bq",1,1
"female",1,"bq",0.67,1
"male",1,"cpc",1,0.67
"female",1,"cpc",1,0.33
NA,1,NA,1,0.33
"female",1,"lpc",0.67,1
"female",1,"ndp",1,1
"male",1,"cpc",1,0.33
"male",1,"bq",1,NA
"female",1,NA,0.67,1
"male",1,NA,1,0.67
"male",1,NA,1,0.67
"female",1,NA,1,0.67
"female",1,"lpc",1,1
NA,1,NA,1,0.67
NA,1,NA,0.67,1
NA,1,NA,1,1
"male",1,NA,1,1
"female",1,"bq",1,1
"male",1,"bq",1,1
"female",1,NA,1,0.67
"female",1,NA,1,0.67
"male",1,"bq",1,1
"male",1,NA,1,1
"female",1,NA,0.67,1
"male",1,NA,1,0.67
"male",0,"bq",1,1
"female",0,"cpc",1,0
"male",1,NA,0.67,0.67
"male",1,NA,1,0.67
"male",1,NA,1,1
"female",1,NA,1,0.67
NA,1,"bq",1,0.67
"female",1,NA,0,0
"male",1,"bq",1,1
NA,1,"lpc",1,0.67
"female",1,"bq",0.67,1
"female",1,NA,1,1
"male",1,"lpc",1,1
"female",1,"lpc",1,0.33
"female",1,NA,1,1
"female",1,"bq",1,1
NA,1,"bq",1,1
"male",1,NA,1,1
"male",1,NA,1,0.33
NA,1,"bq",1,1
"male",1,NA,1,1
"male",1,"bq",1,0.33
NA,1,"bq",1,1
"male",1,NA,1,1
"female",1,NA,1,1
NA,1,NA,0.67,1
"male",1,NA,1,1
"male",1,NA,1,1
"female",1,"lpc",1,1
NA,1,"lpc",1,1
"female",1,"lpc",1,0.67
"male",1,"bq",1,1
"male",1,"bq",1,1
"male",1,"bq",1,0.67
"male",1,"bq",0.67,1
"female",1,"lpc",1,1
"female",1,"bq",1,1
NA,1,"bq",1,1
"male",0,"bq",1,1
"male",0,NA,1,1
"male",1,NA,1,1
"male",1,NA,0,1
"female",0,NA,1,1
"male",1,"lpc",0.67,1
NA,1,NA,0.67,1
"male",1,"lpc",1,1
"male",1,"bq",1,1
"female",1,"lpc",0.67,1
NA,1,NA,1,0.67
"male",1,"bq",1,0.33
"male",1,"lpc",1,1
NA,1,NA,1,0.67
"male",1,"bq",1,1
"male",1,NA,1,NA
NA,1,NA,1,1
NA,1,"bq",1,1
NA,1,NA,1,1
"female",0,NA,1,1
NA,1,NA,1,1
"male",1,"bq",1,0.67
"female",1,"bq",0.67,1
NA,1,"bq",1,0.33
"male",1,"cpc",1,1
"female",1,"lpc",0.67,1
NA,1,"bq",1,0.67
"female",1,"bq",1,1
"male",1,"lpc",0.67,0.33
"male",0,"lpc",0.67,0.67
"male",1,"bq",1,1
NA,1,"cpc",1,0
NA,1,"lpc",1,1
NA,1,NA,1,1
NA,1,"bq",1,1
"female",1,"cpc",1,0.67
"male",1,"bq",1,1
"male",1,NA,0.67,1
"male",1,"bq",1,1
"male",1,"bq",1,0.67
"male",1,NA,0.33,1
NA,1,"bq",1,1
"male",1,NA,1,1
"male",1,"bq",1,1
"male",1,NA,1,1
"male",0,"lpc",1,1
"female",1,"bq",1,0.67
NA,1,"cpc",1,0.33
"female",1,NA,1,1
"male",1,"lpc",0.67,1
"male",1,NA,1,1
"female",1,NA,0.33,1
"female",1,NA,1,1
"male",1,NA,1,1
"male",1,"lpc",1,0.33
"female",1,"lpc",1,1
"male",1,"bq",1,0.67
NA,1,NA,0.67,1
NA,1,"bq",1,0.33
"male",1,NA,1,1
"female",1,NA,0,0.67
"male",1,"bq",1,0.67
"female",1,"bq",1,1
NA,1,NA,1,1
"female",1,"lpc",1,1
"female",1,"bq",1,1
"female",1,NA,1,1
"male",1,"cpc",1,0.67
"female",1,"bq",1,0.33
"male",1,NA,1,1
"female",1,NA,1,1
"male",1,NA,0.67,0.33
"male",1,"bq",1,0.67
NA,1,NA,0.67,1
NA,1,NA,1,NA
"male",1,NA,1,1
"female",1,"bq",1,1
"male",1,NA,0.67,1
"female",1,"lpc",1,1
"female",1,NA,1,1
"female",1,"bq",1,1
"male",1,NA,1,1
"male",1,"bq",1,1
"male",1,"lpc",1,0.67
"female",1,"bq",1,1
"female",1,NA,0,1
"male",1,NA,1,0.33
NA,1,"bq",1,1
"female",1,"lpc",0.67,0.67
"male",1,"lpc",1,1
"male",0,NA,1,1
"female",1,"lpc",1,1
"male",1,"rpc",1,1
"female",0,"rpc",0.33,0.67
"female",0,"lpc",0.67,1
"female",0,"cpc",1,1
"female",1,"lpc",1,1
"female",1,"cpc",0,1
"female",1,NA,0,0.67
"male",1,"rpc",1,1
"female",1,NA,0,1
"female",1,"cpc",1,1
"female",1,NA,1,1
"female",1,"cpc",1,0.67
"female",1,NA,0,1
"male",1,"lpc",1,1
"female",0,"lpc",1,1
"female",1,"lpc",1,1
"female",1,NA,0,1
NA,1,NA,1,1
"male",1,NA,0,0.33
"male",1,NA,0,1
"female",1,"lpc",0,0.67
"male",1,"rpc",1,0.67
"female",1,"lpc",1,0.67
NA,1,NA,0.33,NA
"female",1,NA,1,0.67
"male",0,"cpc",1,1
"male",1,NA,1,0.67
"male",1,NA,1,0.67
"male",1,"rpc",1,1
"female",1,"lpc",1,0.67
"female",1,"cpc",0,0.33
NA,0,NA,1,1
"male",1,"cpc",1,0.67
"female",1,NA,1,1
"male",1,NA,1,1
"male",1,NA,1,0.33
"male",0,NA,1,1
"female",1,"cpc",0.33,0.67
"female",1,NA,1,0.33
"female",1,"cpc",1,0.33
"female",0,NA,1,1
"female",1,"lpc",1,1
"female",1,"cpc",1,0.33
"female",1,"cpc",1,0.67
"male",1,"lpc",1,0.33
"female",1,NA,1,1
"female",1,"lpc",1,1
"female",1,"lpc",1,1
"female",1,"cpc",1,0.33
"female",1,NA,0,0.33
"male",1,"cpc",1,1
"female",1,"lpc",1,1
"female",0,"cpc",1,0.33
"female",1,"cpc",1,1
"male",0,"cpc",1,1
"female",1,"lpc",0.33,1
"female",1,"lpc",1,1
"female",1,NA,1,1
"male",1,NA,0.67,1
"male",1,"lpc",1,1
"female",1,"cpc",1,0.67
"female",0,"cpc",1,0.33
"male",0,"lpc",1,1
"female",1,NA,0,1
"male",1,"cpc",1,0
"male",1,"lpc",1,0.33
"female",1,NA,1,0.33
"male",0,"lpc",1,0.67
"female",1,"lpc",1,0.67
"female",0,NA,1,0.67
"female",1,"rpc",1,1
"female",1,"cpc",1,1
"male",1,"rpc",1,1
"female",1,NA,1,0.33
"female",1,NA,1,0.33
"female",1,NA,0.67,1
"male",0,"lpc",1,1
"male",1,"rpc",1,1
"female",1,"rpc",1,0.67
"female",1,NA,1,0.67
"male",1,"cpc",1,0.33
"female",1,"lpc",1,0.67
"female",1,"lpc",1,1
"female",0,NA,1,0.33
"female",0,"cpc",0.67,0.67
"female",1,"ndp",0.67,1
"female",1,"cpc",1,0.33
"male",1,NA,NA,0
"male",0,"lpc",1,0.67
"female",0,NA,1,0.67
"female",1,NA,1,1
"male",1,"lpc",1,1
"female",0,"cpc",1,1
"male",1,"lpc",0,1
"female",1,"rpc",1,1
"female",1,"lpc",1,1
"female",1,NA,0.67,0.67
"male",1,NA,1,0.33
"female",1,NA,1,1
"male",1,NA,1,0.67
"female",0,"cpc",1,0.33
NA,1,"lpc",1,0.67
"male",1,"cpc",1,0.67
"female",0,"lpc",1,1
"male",1,NA,1,1
"female",1,"cpc",1,0.67
"female",0,"lpc",1,1
"female",1,"ndp",0.67,0.33
"female",1,NA,1,1
"female",1,"cpc",1,1
NA,1,NA,0.67,0
"female",1,"lpc",1,1
"female",1,"cpc",1,1
"female",1,"lpc",0.67,0.67
"female",1,"cpc",1,1
"female",1,"rpc",1,0.33
"male",1,"lpc",1,1
"female",1,"ndp",1,0.33
"male",0,NA,1,1
"female",1,NA,1,0.33
"female",1,"lpc",1,1
NA,1,"rpc",1,0
"female",1,"lpc",1,0.67
NA,1,NA,1,0.67
"female",1,"lpc",NA,1
"female",1,NA,0,0.67
"male",1,NA,1,0.67
"male",1,NA,1,1
"male",1,"cpc",1,0
"female",1,"lpc",0.67,0.67
"female",0,"lpc",1,1
"female",1,"lpc",1,1
"female",0,"lpc",1,1
"female",0,"rpc",1,1
"male",1,NA,1,0.33
"female",1,"cpc",1,1
"female",0,"rpc",1,0.33
"female",1,NA,1,1
"female",0,"lpc",1,1
"female",1,"lpc",1,0.33
"female",0,NA,1,0.67
"female",1,"lpc",0,1
NA,1,"lpc",0.67,1
"female",1,"lpc",1,1
NA,1,"ndp",1,1
"female",0,NA,1,1
NA,1,"cpc",1,0.33
NA,1,NA,1,1
"female",1,"cpc",1,1
"female",1,"rpc",1,1
"female",1,NA,1,0.67
"female",0,"cpc",1,0
"female",1,NA,1,1
"male",0,NA,0.67,1
"female",1,NA,1,1
"female",1,"lpc",1,0.33
"male",1,"lpc",1,0.67
"male",1,NA,1,1
NA,1,NA,1,1
"female",1,"lpc",1,0
"female",1,NA,1,1
"male",1,NA,0.67,NA
"female",1,NA,1,1
NA,1,NA,0.33,1
"female",1,"lpc",1,1
"female",0,"lpc",1,1
"female",1,"cpc",1,0
"female",1,NA,0.67,0.67
"male",1,"rpc",1,0.33
"male",1,"rpc",1,0.67
"female",1,"lpc",1,1
"male",1,"lpc",1,0.67
"female",1,"lpc",1,1
"male",1,"cpc",0,1
"female",1,"rpc",1,1
"female",1,"cpc",1,0.67
"female",0,"ndp",0.67,0.67
"female",0,"lpc",1,1
"female",1,NA,1,0.33
"female",1,NA,1,1
"male",0,NA,1,0.67
"female",1,NA,1,0.33
NA,1,NA,0.67,1
"female",1,"cpc",1,0.33
"female",0,NA,1,1
"male",1,NA,1,0.33
"male",0,"lpc",1,1
"female",1,NA,1,0.33
"female",1,"lpc",1,0.33
"male",1,"lpc",1,1
"female",1,"lpc",1,0.33
"female",1,NA,1,1
"male",1,NA,1,0
"male",1,"lpc",1,0.67
"female",0,"lpc",1,1
"female",1,NA,1,0.67
"female",1,"cpc",1,0.33
"female",1,NA,1,0.67
"female",1,NA,0,1
"male",1,NA,1,1
"female",1,"lpc",1,0.33
"female",1,NA,1,1
"female",1,"cpc",0,0.67
"female",0,"ndp",1,0.33
"female",0,"lpc",1,1
"female",0,"rpc",1,1
NA,1,NA,0.67,1
"female",1,"ndp",1,0.67
"female",0,"lpc",1,0
"female",1,"rpc",1,0.67
"male",1,NA,0.67,1
"male",1,NA,0.67,1
"female",1,NA,1,1
"female",1,NA,1,0.67
"female",1,NA,1,0.33
"male",1,NA,1,1
"female",0,"lpc",0.67,1
"female",1,"rpc",1,1
"female",1,"ndp",1,0.33
"male",1,NA,1,1
"female",1,NA,0.67,0.67
"male",1,"lpc",1,1
"male",1,"lpc",1,1
"female",1,NA,1,1
"female",0,"lpc",1,1
"female",0,NA,1,0.67
"female",0,"lpc",1,0.67
"female",1,"lpc",1,0
"female",0,"rpc",1,1
NA,1,NA,1,0.67
"male",1,"lpc",1,NA
"female",1,"lpc",1,1
"female",1,NA,1,1
"female",1,"cpc",1,1
"male",1,"lpc",1,0.33
"female",1,NA,1,1
"female",1,"rpc",0.33,1
"female",1,NA,1,0.67
"female",1,"cpc",1,0.33
"female",1,"cpc",1,0.33
"female",0,"lpc",1,1
"female",1,NA,1,1
"female",1,"lpc",1,1
NA,1,"cpc",1,0.67
"female",1,"lpc",0.67,1
"female",1,"cpc",1,0.33
"male",1,NA,1,1
"male",1,"cpc",1,1
"female",1,NA,1,0.67
"female",1,"lpc",1,1
"female",0,"lpc",0.67,1
"female",1,"cpc",1,0
"female",1,NA,0,1
"female",0,"rpc",1,0.67
"female",1,NA,1,0
"male",0,"cpc",0.33,0.67
"female",1,NA,0.67,1
"female",1,NA,0.67,0.67
"female",1,"lpc",1,1
"female",1,"lpc",1,1
"male",1,"lpc",1,1
"male",0,"lpc",1,1
NA,1,NA,1,0.67
"female",1,"ndp",1,1
"male",1,"rpc",1,0.33
"female",1,"lpc",1,1
"female",1,NA,0,0
"female",1,"rpc",0.33,0.33
"female",1,"lpc",1,1
"male",1,"cpc",1,0
"male",1,"lpc",1,1
"female",1,"lpc",1,0.67
"female",1,"lpc",1,1
"female",1,NA,1,1
"female",1,"lpc",1,0.67
"male",1,"lpc",1,1
"male",1,"lpc",1,1
"male",1,"lpc",1,1
"male",1,"cpc",1,0.33
"female",0,"rpc",1,0.33
"female",1,"rpc",1,0.67
"female",0,"lpc",1,1
"female",1,"cpc",1,0.33
"female",1,"lpc",1,0.67
"female",1,"cpc",1,1
"female",1,"lpc",1,0.33
"female",1,NA,0,1
"female",1,NA,0.67,1
"male",0,"lpc",1,1
"female",1,"lpc",1,1
"female",0,NA,0,0.67
"male",1,"lpc",1,1
"female",1,"lpc",1,1
"female",1,NA,1,1
"female",0,"rpc",1,0.67
"female",1,"lpc",1,1
"female",1,"ndp",0.67,1
"female",1,"lpc",1,0.33
"female",1,"ndp",1,0.67
"male",1,NA,1,0.67
"male",1,NA,1,1
"female",1,"lpc",1,0.67
"female",0,"lpc",1,1
"male",1,"ndp",1,0.33
NA,1,"cpc",1,1
"female",0,"lpc",1,0.67
"female",0,"lpc",1,1
"female",1,"rpc",0.67,0.67
"female",1,"lpc",1,1
"female",1,NA,1,0.67
NA,0,NA,1,1
"female",1,"rpc",1,0.33
"female",0,"cpc",0.67,0.67
"male",1,NA,0.67,1
"female",1,NA,1,0.67
"male",0,"lpc",1,0.33
"female",1,"lpc",0.67,0.67
"female",1,"lpc",1,1
"female",1,NA,1,0.67
"female",1,"lpc",1,1
"female",1,"cpc",1,1
"male",1,"lpc",0.67,1
"female",0,NA,0.33,0.67
"female",1,"rpc",1,0.33
"female",1,NA,0.67,1
"female",1,"lpc",1,0.33
"female",1,"lpc",1,1
"female",1,"lpc",1,0.67
"female",1,NA,1,0.33
"female",1,NA,1,0.33
"male",1,NA,1,1
NA,1,"cpc",1,0.33
"female",1,NA,1,0.67
"female",1,"cpc",1,0
"female",1,"rpc",1,0
"female",0,"lpc",1,1
"female",1,NA,1,0.67
"male",1,"lpc",1,0.67
"female",1,NA,1,0.67
"female",0,"lpc",1,1
"female",1,"ndp",0,1
"female",1,"rpc",1,0.33
"male",1,NA,0.67,1
"female",1,"rpc",1,0.67
"female",1,"ndp",1,1
"female",1,"lpc",1,1
"female",0,NA,1,0.67
"female",0,"ndp",1,1
"male",0,"cpc",1,0.33
"female",0,"rpc",1,0.33
"female",1,NA,1,1
"female",1,"rpc",1,1
"male",1,NA,1,1
"female",1,NA,1,0.67
"female",1,"ndp",1,0.33
"female",1,"lpc",0.67,0.67
"female",1,"lpc",0.67,1
"female",0,NA,1,NA
"female",1,"lpc",1,0.33
"female",0,"lpc",1,0.33
"female",1,"rpc",1,1
"male",1,"lpc",1,1
"male",0,NA,1,1
NA,1,"lpc",1,1
"male",1,"cpc",1,0.33
"male",1,"rpc",1,1
"female",0,NA,0.67,1
"female",1,NA,1,1
"female",1,"lpc",1,0.33
"female",1,"rpc",1,1
"female",1,NA,0.33,0.33
"female",0,NA,1,1
"female",1,NA,1,1
"female",1,"lpc",1,0.67
"female",1,NA,1,0.67
"female",1,"rpc",1,0.67
"female",1,NA,0.67,0.67
"male",0,"lpc",1,1
NA,1,"lpc",1,0.67
"female",1,"lpc",0.67,0.67
NA,0,NA,0.67,1
"female",0,NA,1,1
"female",1,"lpc",1,1
"male",1,NA,1,0.33
"female",1,"lpc",1,0.67
NA,1,"cpc",1,0.33
"female",1,"lpc",1,0.67
"female",1,"lpc",1,0
"female",1,"lpc",1,1
"male",1,"rpc",1,0.67
"female",1,NA,1,0.67
"female",1,"lpc",1,1
"female",1,"lpc",1,0.33
"female",1,NA,1,1
"male",1,NA,1,0.33
"female",0,"rpc",1,1
"female",1,"cpc",1,1
"female",0,"lpc",NA,1
"female",1,NA,0,NA
"female",1,"cpc",0.67,0.33
"male",1,NA,1,0.33
"male",1,"lpc",1,1
"female",1,NA,1,1
"female",0,NA,1,0.67
"female",1,"lpc",1,0.67
"female",1,"rpc",1,0.67
"female",1,NA,1,1
"female",1,"lpc",1,1
NA,1,NA,1,0.67
NA,0,"lpc",1,0.33
"male",1,"lpc",1,1
"female",0,"rpc",1,1
"female",1,"cpc",1,0.33
"female",0,NA,0.67,0.67
"female",1,NA,1,0.67
"female",1,"ndp",1,1
"male",1,"rpc",1,1
"male",1,"cpc",1,0.33
"female",1,NA,1,0.33
"male",0,"lpc",0.67,1
"female",0,NA,0.67,0.33
"female",1,"ndp",1,1
"male",0,NA,1,0.33
"female",0,"cpc",1,0.33
"male",1,"cpc",1,1
"female",1,NA,1,1
"female",1,"lpc",NA,1
"female",1,NA,1,0.67
"female",0,NA,0.67,1
"female",1,NA,1,0
"female",0,"lpc",0.67,1
"female",1,"lpc",1,0.67
"female",1,"lpc",1,0.67
"female",1,"lpc",1,1
"male",0,"rpc",1,1
"female",1,"rpc",1,1
"male",1,"cpc",1,1
"female",1,"cpc",1,0
"female",1,"lpc",0,0.67
"male",1,"lpc",1,0.33
"female",0,"lpc",0,1
"female",0,"lpc",1,1
"female",1,NA,1,0
"female",1,NA,1,1
"female",1,NA,1,0.67
"male",0,NA,1,1
"male",1,"lpc",1,1
"female",1,"lpc",1,0.67
"female",1,"lpc",1,0.67
"female",1,NA,1,0.33
"male",1,"rpc",1,0
"female",1,"rpc",1,0
"female",1,NA,0.67,0.67
"female",1,"rpc",1,0.67
NA,0,NA,0.33,NA
"female",1,"rpc",1,1
"female",1,NA,1,1
"female",1,NA,1,0.33
"female",1,"cpc",1,0.33
"female",0,NA,1,1
"female",1,"ndp",1,1
"female",1,NA,1,1
"female",1,"lpc",0.67,1
"male",1,NA,0,1
"female",0,"lpc",1,1
NA,1,"lpc",0.67,0.67
NA,1,"cpc",1,1
"female",1,"rpc",1,1
NA,0,"rpc",1,1
"female",0,"lpc",1,0.33
"female",0,NA,1,0.67
"female",1,"lpc",1,0.33
"female",1,NA,0,1
"female",1,"ndp",1,0.67
"female",1,"cpc",0.67,0.33
"female",1,NA,0,1
"female",1,"lpc",1,NA
"female",1,"cpc",1,0.33
"male",0,"cpc",1,0.33
"male",0,"lpc",1,0.67
"female",1,NA,1,0.33
NA,1,"lpc",1,0.67
"female",1,NA,1,0.33
"female",0,"rpc",1,1
"female",1,"rpc",1,1
"female",0,NA,1,1
"male",0,NA,1,1
"female",1,NA,1,0.67
"female",0,"rpc",1,1
"male",0,NA,1,0.67
"female",0,"lpc",1,1
"female",1,"lpc",1,0.33
"male",0,"lpc",1,0
"female",0,NA,1,0.33
"male",0,"lpc",1,1
"female",1,NA,1,1
"female",0,"rpc",1,1
"female",1,NA,1,0.67
"male",1,"lpc",1,1
"female",1,"rpc",1,0.33
"female",1,"lpc",1,0.33
"female",1,NA,1,0.67
"female",1,"lpc",1,0.33
"male",1,"rpc",1,1
NA,1,NA,1,0.33
"female",1,NA,1,0.33
NA,1,NA,1,0.67
"male",1,NA,1,0.33
"female",1,NA,1,1
"female",1,NA,1,0.67
"female",1,NA,1,0.67
"female",1,"lpc",1,0.67
"female",0,"lpc",1,1
NA,1,"cpc",1,1
"female",1,"lpc",1,0.33
"male",1,NA,0.67,0.67
"male",1,NA,0.67,1
"male",1,"lpc",1,0.67
"female",1,NA,1,1
"female",1,"lpc",1,0.67
"female",1,NA,1,1
"female",1,NA,0.33,0.33
"female",1,NA,1,0
"female",1,NA,1,1
"female",0,"lpc",1,1
"male",1,"lpc",1,0.67
"female",1,NA,NA,1
"male",1,"rpc",1,1
"female",0,"lpc",1,1
"female",1,NA,1,1
"male",1,"lpc",1,1
"female",1,"lpc",1,1
"female",0,NA,1,0.67
"female",1,"lpc",1,0.33
"male",1,"lpc",1,0.67
"male",1,NA,1,1
"female",1,"lpc",1,1
"male",1,NA,0.67,0.33
"female",1,"lpc",0.67,0.67
NA,1,"cpc",1,0.33
"female",1,"lpc",1,1
"female",1,"lpc",1,1
NA,1,"rpc",1,0.33
"female",1,NA,1,0.67
NA,1,"lpc",1,1
"male",1,NA,1,0.67
NA,1,"lpc",1,1
"female",1,"cpc",1,0.33
"male",1,NA,1,1
"female",1,"lpc",1,1
"female",1,NA,1,1
"female",1,"lpc",1,0.33
"female",1,"lpc",1,1
"female",1,NA,1,0.67
"female",1,"cpc",1,0.33
"female",1,"lpc",1,0.67
"female",1,"rpc",1,0.33
"female",0,"lpc",1,1
"female",0,NA,1,0.33
"female",1,NA,0.67,1
NA,0,"lpc",0,1
"female",1,NA,1,1
"female",1,"lpc",1,0
"female",0,NA,1,0.67
NA,1,"lpc",0.33,0.33
"male",1,"cpc",1,0
"female",1,"cpc",1,0.67
"female",1,NA,1,0.33
"female",1,NA,1,0.67
"female",1,NA,1,0.67
"male",1,"lpc",1,1
"female",1,NA,0.67,1
"female",1,"rpc",0.67,0.67
"female",1,"cpc",1,0
"female",1,"rpc",1,0.67
"female",1,"cpc",1,0.33
"male",1,"lpc",1,1
"female",1,NA,1,1
"female",1,"lpc",1,1
"female",1,"ndp",1,1
"female",1,"rpc",0.67,1
"female",0,"lpc",1,0.33
"male",1,"rpc",1,1
NA,0,"lpc",1,1
"female",1,"lpc",1,0.33
"female",1,"lpc",1,0.33
"female",0,"lpc",1,1
"female",1,"lpc",0.67,0.33
"female",1,"lpc",1,1
"male",1,NA,1,1
"female",1,"rpc",1,1
"female",1,NA,1,0.67
"female",1,NA,1,1
"male",1,"lpc",0.67,0.67
"female",1,"ndp",1,0.67
"male",1,NA,0,1
"male",1,NA,1,0.67
"female",1,"lpc",1,1
"female",1,"cpc",1,1
"male",1,"lpc",1,0.67
"male",1,NA,1,1
"female",0,"lpc",0.67,1
"male",0,"cpc",1,0.67
NA,1,"cpc",1,0.33
"female",0,NA,1,0
"female",0,"lpc",1,0.67
NA,1,"cpc",1,0.33
"female",1,NA,1,0
"female",1,NA,1,0.33
"male",1,"cpc",1,1
"female",1,NA,1,0.33
"male",1,"lpc",1,1
"female",0,NA,0,1
"female",1,"lpc",0.67,0.33
"female",1,NA,1,0.33
"male",1,"lpc",1,0.33
"female",1,NA,1,1
NA,1,"lpc",1,1
"female",1,"lpc",0.33,0.33
"female",0,NA,1,1
"female",1,NA,0.67,0.67
"female",1,NA,1,0.33
"female",1,"cpc",1,1
"female",1,"cpc",0.67,1
"male",1,"cpc",1,0.33
"female",1,NA,1,1
"female",1,NA,1,0.33
"female",1,NA,1,1
"male",1,NA,1,1
"male",1,NA,1,0.33
"female",1,"cpc",0.67,0.67
"male",1,NA,0.67,1
"female",1,NA,1,0
"female",1,"ndp",1,1
NA,1,"lpc",1,0.67
"male",1,NA,0,1
"female",1,NA,0.67,0.67
"female",1,NA,1,1
"male",1,"ndp",1,1
"female",1,NA,0.33,1
"female",1,NA,1,1
"male",1,NA,1,0.33
NA,1,"lpc",1,1
"female",1,"ndp",1,0.33
NA,1,NA,1,1
"male",1,NA,1,1
"female",1,"lpc",0.67,0.33
"male",1,"cpc",1,0
NA,1,"ndp",0,0.67
"female",1,NA,1,1
NA,1,"rpc",1,0.33
NA,1,NA,1,1
"female",1,NA,1,1
"female",0,"rpc",1,0
"female",1,NA,1,1
"female",1,"rpc",1,1
"female",1,NA,1,1
"female",1,"rpc",1,1
"female",1,"rpc",1,0.33
"male",1,NA,1,0.67
"female",1,"lpc",1,0.67
"female",1,"lpc",1,1
"male",0,NA,0.67,0.33
"female",1,NA,1,0.67
"male",0,"lpc",0,1
"female",1,"lpc",0.67,0.33
"female",1,"rpc",1,1
"female",1,"lpc",1,0.33
"female",1,NA,NA,1
NA,1,"lpc",1,0
"male",1,"lpc",1,0.67
"female",1,"cpc",1,0.33
"female",1,"cpc",1,0.33
NA,1,NA,1,0.33
"male",1,NA,1,0.67
"female",1,"rpc",1,1
"male",1,"rpc",1,1
"female",1,"ndp",1,0.33
"female",1,NA,1,0.67
"female",0,NA,1,0.67
"female",0,"lpc",1,1
"female",1,"rpc",1,0.67
"female",1,"rpc",1,1
NA,0,"cpc",1,0.67
"female",0,"cpc",1,0.67
"female",1,NA,0,1
NA,0,"rpc",1,1
"female",1,"lpc",1,0.33
"female",1,"rpc",1,0.67
"female",1,"ndp",1,1
"male",1,"lpc",1,0.67
"female",1,"lpc",1,0.33
"female",1,"cpc",1,0.33
"female",1,NA,1,0.33
"male",1,"cpc",1,0.33
"male",1,NA,1,0.33
NA,1,NA,0,1
"male",1,"cpc",0,1
"male",1,NA,1,0.67
"male",1,"lpc",1,1
"female",1,"ndp",0,1
"female",1,"lpc",1,1
NA,1,"lpc",1,0.67
"female",1,NA,1,0.67
"female",1,NA,0.67,0.33
"female",1,"ndp",1,0.33
"female",1,"rpc",1,1
"female",1,NA,1,1
"female",1,NA,0.67,0.67
"female",1,"rpc",1,0
"female",1,NA,1,1
"female",1,"lpc",1,1
"female",1,"cpc",1,1
"male",1,"rpc",1,1
"female",1,NA,1,1
"female",1,"lpc",1,1
NA,1,"lpc",1,0.33
"female",1,NA,1,1
"female",1,"rpc",0.67,0.67
"female",1,"lpc",1,1
"male",1,NA,0.67,1
"female",1,NA,1,0
"female",1,"lpc",1,0.33
"female",1,"lpc",1,0.67
"male",1,"lpc",0.33,0.67
"female",1,NA,1,1
"female",1,"rpc",1,0.33
"female",1,"ndp",1,1
"male",1,"rpc",1,1
"male",1,NA,1,1
"female",1,"cpc",NA,1
"female",1,"cpc",1,0.33
"female",1,"lpc",1,0.67
"male",1,"lpc",1,1
"male",1,NA,0.67,1
"female",1,"lpc",1,1
"female",1,"cpc",0,0.67
"male",1,"rpc",1,1
"female",1,NA,0.67,1
"male",1,NA,0,0.33
"female",1,"lpc",1,0.67
"female",1,NA,1,0.67
"female",1,"cpc",1,0
"male",1,NA,1,1
"female",1,"rpc",1,1
"female",1,"lpc",1,0.67
"male",1,"ndp",1,1
"female",1,"cpc",1,1
"female",0,"lpc",1,1
"female",1,"rpc",0.33,0.67
"male",1,"rpc",1,0.67
"male",1,"lpc",1,0.67
"female",1,"lpc",NA,1
"male",1,"ndp",1,1
"female",1,NA,1,0.33
"female",1,"cpc",1,0.33
"female",1,"ndp",1,0.67
"male",1,NA,1,0.67
"female",1,"rpc",1,0.67
"female",1,NA,0,0.33
NA,1,"ndp",1,1
"female",1,"lpc",0.33,1
"female",1,NA,1,0.33
"female",1,NA,0.67,1
"female",1,"rpc",1,0.33
"female",1,"ndp",1,1
NA,1,NA,1,1
"female",0,"lpc",1,1
"female",1,"lpc",1,0.67
"female",1,NA,1,1
"female",1,"lpc",1,0.33
"female",0,"lpc",1,0.67
"female",1,NA,1,1
"male",1,"lpc",1,0.67
"female",0,"cpc",1,1
"female",1,"lpc",1,1
"female",0,"lpc",1,1
"female",0,NA,1,1
"female",1,"cpc",1,0.33
"female",1,"lpc",1,1
"female",1,NA,0.67,0.33
"female",1,NA,1,0.33
"female",1,"lpc",1,1
"female",1,"lpc",1,1
"female",1,"lpc",1,1
"female",1,NA,1,0.67
"female",0,"cpc",1,1
"female",0,"rpc",1,1
"female",1,"lpc",1,1
"female",1,"cpc",0.33,1
"female",0,"lpc",1,1
"female",1,"lpc",1,0
"female",0,"lpc",1,1
"female",1,"lpc",1,1
"female",1,"lpc",1,1
"female",0,"lpc",1,1
"female",0,"cpc",1,0.67
"female",0,"lpc",1,1
"female",1,"lpc",1,0.67
"female",1,"lpc",1,NA
"male",1,NA,1,0.33
"male",1,"lpc",1,1
"female",1,NA,1,0
"male",0,NA,1,0.33
NA,1,"lpc",0,1
"female",1,"lpc",1,0.67
"female",1,"lpc",1,0.67
"female",0,"lpc",1,0.67
NA,1,NA,0.33,0.33
"female",0,NA,1,1
"female",1,"lpc",1,1
"female",1,"lpc",1,1
"female",1,"lpc",1,1
"female",0,"lpc",0.67,1
"female",1,"lpc",1,1
"female",0,"cpc",0,0.33
NA,1,"cpc",1,0.67
"female",1,"lpc",1,1
"female",0,"cpc",1,0.33
"female",0,NA,NA,0.33
"female",0,NA,1,0.33
"female",0,"lpc",1,1
"male",1,NA,1,0.33
"female",0,"lpc",1,1
"female",1,"lpc",1,1
"female",0,"lpc",1,0.67
"female",1,NA,1,0.33
"male",1,"lpc",1,1
"female",1,"lpc",1,1
"female",1,"lpc",1,1
"female",0,"lpc",1,0.33
"female",1,"lpc",1,0.67
"female",1,NA,1,1
"female",1,"lpc",1,0.33
"female",1,NA,1,0.67
"female",1,NA,1,1
"female",1,"ndp",1,0.33
NA,1,NA,1,0.33
"male",1,"rpc",1,0
"male",1,NA,0,1
"male",1,NA,0,0.33
"male",1,NA,1,0.33
"female",1,"lpc",1,1
"male",1,NA,1,0
"female",1,NA,1,NA
"female",1,"lpc",NA,1
"male",1,"lpc",1,1
"male",1,"rpc",1,0.33
"female",1,NA,1,1
"male",1,"lpc",1,1
"male",1,NA,1,0.67
"male",1,NA,1,0.33
"male",1,NA,0.67,1
"male",1,NA,1,1
"male",1,"cpc",1,0.33
"female",1,"cpc",1,1
"female",1,NA,1,0.67
"female",1,"lpc",1,0
"male",1,"lpc",1,0.33
"female",1,NA,1,0.67
"female",1,"lpc",1,0
"female",1,"cpc",1,0.33
"female",1,NA,1,0.67
"female",1,"rpc",1,0.33
"female",1,"lpc",1,0.33
"male",1,NA,1,1
"female",1,"rpc",1,0.33
"female",1,NA,0.67,0.67
"male",1,NA,1,0.67
"male",1,"ndp",1,0.33
"female",0,NA,1,0.33
"female",1,"rpc",1,1
"female",1,"cpc",0.67,1
"female",1,NA,1,0.67
"female",1,NA,1,1
"female",1,"lpc",1,1
"male",1,"lpc",1,1
"female",1,NA,1,1
"female",1,"rpc",0.67,1
"female",1,NA,1,0.33
"male",0,NA,1,0.33
"female",1,"rpc",1,0.33
"female",1,NA,1,1
NA,1,"lpc",0,1
"female",1,NA,1,1
"female",1,NA,1,1
"female",0,"ndp",1,0.67
"female",1,"cpc",1,1
"female",1,"rpc",1,1
"female",1,NA,1,0.67
"female",1,"cpc",1,0.33
NA,1,"lpc",1,0.33
"male",1,NA,1,1
"male",1,"ndp",0.67,1
"female",1,"rpc",1,0.33
"male",1,"lpc",1,0.67
"male",1,"lpc",1,1
"female",1,NA,0.67,0.67
NA,1,"rpc",1,1
"female",1,NA,1,1
"female",0,"cpc",1,0.33
NA,1,"ndp",1,0.67
"female",1,NA,1,0.33
NA,1,NA,1,1
NA,1,"cpc",0,NA
"female",1,"ndp",1,1
"female",1,"lpc",1,1
"female",1,NA,0.67,NA
"male",1,NA,0.33,0.67
"female",1,"lpc",1,1
"male",1,"rpc",1,1
"male",1,"lpc",1,1
"male",1,NA,1,0
"male",1,NA,1,1
"female",0,NA,NA,0.33
"female",0,"cpc",1,0.67
"female",1,"rpc",1,0
"female",1,"cpc",1,0
"female",1,NA,NA,NA
"female",1,"rpc",1,0.67
"female",1,NA,0,1
"female",1,"ndp",1,1
"female",1,NA,NA,1
"female",1,NA,1,1
"female",1,NA,1,0.33
"female",1,NA,1,0.67
NA,1,NA,1,1
"female",1,NA,NA,0.67
"female",1,NA,1,0.67
"female",1,"cpc",1,0.33
"female",1,"lpc",1,1
"male",1,"cpc",1,1
"male",1,"lpc",1,0.33
"female",1,NA,1,1
"male",1,NA,1,0.67
"female",1,"ndp",1,1
"female",1,"rpc",1,0
"female",1,"ndp",1,0.33
"female",1,"ndp",1,0.67
"female",1,"ndp",1,0.67
"male",1,"cpc",0.33,1
"female",1,"rpc",1,0
"female",1,"lpc",1,1
"female",1,"lpc",1,0.67
NA,1,NA,NA,1
"female",1,"rpc",1,0.67
"female",1,"lpc",1,0.67
"female",1,"lpc",1,0.67
"female",1,NA,1,0.67
"female",1,"rpc",1,1
"male",1,NA,1,0.33
"female",0,"lpc",1,0.33
"female",1,"cpc",1,0.67
"female",0,"rpc",1,0.33
"male",1,NA,1,1
"female",1,"ndp",1,1
NA,1,"lpc",1,0.67
"female",1,"rpc",1,0.67
"female",1,NA,1,0.67
"female",1,NA,1,0.67
"female",1,NA,1,0.67
"male",1,NA,1,1
"female",1,NA,1,NA
"female",1,NA,0.67,0.67
"female",1,"ndp",1,0.67
NA,1,"ndp",1,0.33
"female",1,NA,1,0.33
"female",1,"lpc",1,1
"male",1,"ndp",0,0.67
"male",1,"ndp",1,1
"female",1,"cpc",1,NA
"female",1,"lpc",1,1
"female",1,"rpc",1,0.33
"female",1,"ndp",1,1
"male",1,"ndp",0.67,0.67
"female",1,NA,0.33,1
"female",1,NA,1,0.67
"female",1,NA,1,0.67
"female",1,"rpc",0.67,1
"male",1,"lpc",0,0.67
"male",1,"cpc",1,0.33
"male",1,"cpc",0.67,1
"female",1,"lpc",1,1
"male",1,"cpc",1,0.67
"male",1,NA,1,1
"female",1,"lpc",1,0.33
"male",1,"lpc",0,1
"female",1,NA,1,1
"female",1,"lpc",0,0.33
NA,1,"ndp",1,0.33
"male",1,"cpc",1,0.67
"female",1,NA,NA,1
"male",1,"lpc",1,1
"female",1,"lpc",1,1
"male",1,NA,1,0.67
"female",1,"cpc",1,1
"female",1,"lpc",1,1
"male",1,NA,1,1
"female",1,NA,0.67,1
"male",0,"lpc",1,0
"female",0,NA,1,1
NA,1,NA,1,0.33
"female",NA,NA,1,0.33
"female",1,"cpc",1,1
"female",0,NA,1,0.33
"female",1,NA,0.67,1
"female",1,"ndp",0,0.33
"female",0,"cpc",1,0.33
"female",1,NA,1,1
"female",1,NA,1,NA
"male",0,"cpc",1,1
"male",1,NA,1,0.33
"female",1,"rpc",1,0.33
"female",1,"rpc",1,0.33
"male",1,"rpc",1,0
"female",1,NA,1,0.67
"female",1,"cpc",1,0.33
"male",1,"lpc",0,0.67
"male",0,"rpc",1,0
"female",1,"rpc",1,1
"female",1,NA,1,0.67
"male",1,NA,1,1
"male",1,"cpc",1,0.67
"male",0,"cpc",1,0
"female",1,NA,1,0.67
"female",0,"cpc",1,0.67
"female",1,"rpc",1,0.67
"female",1,NA,1,0.67
NA,1,NA,1,0.67
"female",1,"cpc",1,0.33
NA,1,"rpc",1,0.67
"male",1,"ndp",1,1
"male",1,NA,1,0.33
"male",1,NA,1,1
"female",1,"rpc",1,0.67
"female",1,"cpc",0.67,0.67
"female",1,"rpc",1,0.33
NA,1,NA,1,0.67
"male",1,"rpc",1,1
"female",1,"lpc",1,0.67
NA,1,NA,1,1
"female",1,NA,0.33,0.67
"female",1,"rpc",1,0.33
NA,1,"lpc",1,0.33
NA,1,"lpc",1,0.67
"female",1,NA,1,1
"female",1,NA,1,0.33
"female",1,NA,1,0.67
"male",1,NA,1,1
"female",1,"lpc",1,1
"female",0,NA,1,1
"female",1,"rpc",1,1
"female",1,NA,1,0.67
NA,1,"cpc",1,NA
"male",1,NA,1,0.33
"male",1,NA,0.67,1
"male",1,"cpc",0.67,1
"female",1,"rpc",1,0.67
"male",1,"lpc",1,0.67
NA,1,"lpc",1,0.67
"male",1,"rpc",1,1
NA,1,"ndp",1,0.33
"male",1,NA,1,0.33
NA,1,"lpc",1,0.67
NA,0,NA,1,0.67
"female",1,"lpc",0,NA
"female",0,"cpc",1,0.33
NA,1,"rpc",1,1
NA,1,"lpc",1,1
"male",1,"rpc",1,0.67
"female",1,NA,NA,NA
"female",1,NA,0.67,1
NA,1,"lpc",1,1
"female",1,"cpc",1,0
"male",1,NA,1,0.33
"female",1,"cpc",1,1
"female",1,"cpc",1,0.67
"female",0,"rpc",1,0.67
"female",0,NA,1,0.33
"female",1,"cpc",1,0.33
"male",1,NA,1,0.33
"female",1,"lpc",1,0.33
"female",1,NA,1,1
"female",1,"rpc",1,0.67
NA,1,NA,1,0.67
"male",1,NA,0.67,0.67
"female",1,"cpc",1,0.33
"male",1,NA,1,0.67
"male",1,NA,1,0.67
"male",1,"rpc",1,1
"female",1,"cpc",0,1
"female",1,"ndp",1,1
"female",1,"lpc",1,0.33
"female",1,"lpc",0,1
"female",1,NA,1,0.33
"female",1,"rpc",1,0.67
"female",1,"rpc",1,0.33
"female",1,NA,0.33,0.67
"male",0,NA,1,0.33
NA,1,"cpc",1,0
"female",1,"lpc",1,1
NA,1,"rpc",1,1
"male",1,"lpc",1,0.33
"female",1,"ndp",1,1
"female",1,"ndp",1,1
"male",1,"cpc",1,0.33
NA,1,"rpc",1,1
"female",1,"lpc",1,0
"male",1,"cpc",1,0.67
"female",1,"rpc",1,0
NA,1,"lpc",1,0.67
"female",1,NA,1,0.67
"male",0,NA,0.67,0.33
NA,1,"rpc",0.33,1
"female",1,NA,1,1
"female",1,"rpc",1,1
"female",1,NA,0.67,0.33
"female",1,NA,1,0.67
NA,1,NA,1,0.67
"female",1,"cpc",1,0
"male",1,"rpc",1,1
"female",1,"rpc",0.67,1
"female",1,NA,0.67,0.67
"female",1,"lpc",1,0.67
"female",1,"lpc",1,1
"female",1,NA,1,1
"female",1,NA,0.33,1
"female",1,"cpc",1,0.67
"female",NA,"rpc",1,0.67
"female",1,"lpc",0.67,1
NA,1,"cpc",1,0.67
"female",1,NA,0,1
"male",1,"lpc",0.67,1
NA,1,NA,0.67,0.33
"male",1,"cpc",1,0.33
"female",1,"cpc",1,0.33
"female",1,"cpc",1,0.67
"male",1,"lpc",0.67,0.33
"female",1,"lpc",0.33,0.33
"female",1,"cpc",1,1
"female",1,"cpc",1,0
"male",1,NA,1,0.33
"female",1,"lpc",1,1
"male",1,"cpc",0.67,0.33
"female",1,"lpc",1,0.67
"male",1,"rpc",1,0
"female",1,"lpc",0,1
"female",1,"cpc",1,1
"female",1,"cpc",1,0.67
"female",1,NA,1,1
"female",1,NA,1,0.67
"female",1,"ndp",1,1
"female",1,"lpc",1,1
NA,1,"rpc",1,0.33
"female",1,"lpc",1,1
"female",1,"cpc",1,0.33
"female",1,"rpc",0.33,0.67
"male",1,"rpc",1,0.67
"female",1,NA,1,0.67
"female",1,"cpc",1,1
"female",1,"rpc",1,1
"female",1,"lpc",1,0.67
"female",1,"rpc",1,1
"male",1,"rpc",1,0.67
"male",1,"cpc",1,1
"male",1,"cpc",1,0.33
"female",1,"cpc",1,0.33
"female",1,"rpc",1,0.33
"male",0,NA,1,1
"female",1,NA,1,1
"female",1,"cpc",1,0.33
"female",0,"rpc",1,0.33
"female",1,"rpc",1,0.33
"female",1,"rpc",1,0.33
"female",1,NA,0,1
"female",1,NA,0.67,0.33
"female",1,NA,0.67,0.67
"female",1,NA,1,1
"male",1,NA,1,1
NA,1,NA,1,0.67
"female",1,NA,1,1
"female",1,"rpc",1,0.67
NA,1,"rpc",1,1
"male",1,"cpc",0.33,0.67
"female",0,NA,0.67,0.67
"female",1,"cpc",1,0
"male",1,"rpc",1,1
"male",0,NA,1,1
"female",1,"cpc",1,0.33
NA,1,"cpc",1,0.33
"female",1,"lpc",1,0.67
"female",1,NA,NA,1
"female",1,"rpc",1,1
"female",0,"cpc",1,1
"male",1,NA,1,1
"female",1,"lpc",0.67,0.67
"female",0,"lpc",1,1
"female",1,"lpc",1,0.67
"female",1,"lpc",1,1
"female",1,"lpc",0,0.67
"female",1,"lpc",1,0.67
"female",1,"rpc",1,0.33
"male",1,"rpc",1,0.67
"male",1,NA,1,0.67
"female",1,NA,1,1
"male",0,"rpc",1,0.67
"female",1,"lpc",1,1
"female",1,"rpc",1,1
"female",1,"rpc",1,0.33
"female",0,NA,1,0.33
"male",1,"cpc",0,0.67
"female",1,"lpc",1,0.67
"female",1,"rpc",1,0.67
"female",1,NA,1,1
"female",1,"cpc",1,0.67
"male",1,"lpc",1,1
"female",1,NA,1,0.67
"female",1,"rpc",1,1
"female",1,"cpc",0.33,0.33
"female",1,NA,0,NA
"female",1,NA,0.67,0.67
"female",1,NA,0,1
"female",1,"cpc",0,0.67
"female",1,"cpc",1,0.33
NA,1,"rpc",1,0.33
"female",1,NA,1,0.67
"female",0,NA,1,0
"female",1,"cpc",1,0.33
"female",1,"ndp",1,1
"female",1,"rpc",1,1
"female",1,"rpc",1,1
"female",1,"rpc",1,0.67
"male",1,"ndp",1,1
"female",1,NA,1,0.67
"female",1,"rpc",1,0.67
"female",1,NA,1,0.67
"male",0,NA,1,1
"female",1,NA,1,1
"female",1,"rpc",1,0.33
"male",1,NA,NA,1
"female",0,NA,1,NA
"female",0,NA,1,0.33
NA,1,"cpc",0.33,0.67
"female",1,"rpc",1,0.67
"male",1,NA,1,0.33
"male",1,"rpc",1,0.33
"female",1,NA,1,1
"female",1,"rpc",1,0.33
"female",1,"rpc",1,0.67
"male",1,"rpc",1,0.67
"female",1,"cpc",1,0
"female",1,NA,0.67,0.67
"female",1,"cpc",1,0.67
"female",1,NA,1,0.67
"female",1,"rpc",1,0.33
"female",1,"cpc",1,1
"male",1,NA,1,0.33
"female",1,"rpc",1,0.67
NA,0,"lpc",1,0.33
"male",1,"lpc",1,1
"female",1,"cpc",1,0.33
"female",0,"rpc",1,0.33
"male",1,"cpc",1,0.67
"female",1,"lpc",1,1
NA,1,"lpc",1,0.67
"female",1,"lpc",0.33,1
"male",0,NA,1,0.33
"female",1,NA,0,1
"female",1,"rpc",1,1
"female",1,"rpc",1,0.67
"female",1,"lpc",1,1
"female",1,NA,1,1
"female",1,NA,0.67,NA
NA,0,"cpc",1,1
"female",1,"cpc",0,0
"female",1,"ndp",1,1
"female",1,"cpc",1,0.67
"female",1,NA,1,1
"female",1,"rpc",1,0.33
"male",1,"rpc",1,0.67
NA,0,"lpc",1,0.33
"female",1,"lpc",1,1
"female",1,NA,1,1
"male",1,NA,1,0.33
"female",0,"rpc",1,1
"female",1,"lpc",0,1
NA,1,"rpc",1,1
"female",1,NA,1,1
"male",1,"rpc",1,1
"male",0,"lpc",1,1
"female",1,NA,1,1
"male",1,"lpc",1,1
"female",1,"rpc",0.67,0.33
NA,1,"rpc",1,1
"female",1,NA,0.67,0.67
"female",1,"rpc",1,1
"male",1,"rpc",1,0.67
"female",1,"rpc",1,0
"female",1,"rpc",0,0.33
NA,1,NA,1,0.67
"female",1,"rpc",1,0.67
"male",1,NA,1,1
"female",1,NA,1,NA
"female",1,"cpc",1,0.33
"male",1,"cpc",1,0.33
"female",1,NA,1,1
"female",0,"lpc",1,1
"female",1,"cpc",1,1
NA,1,"rpc",1,0.67
"female",1,"ndp",1,1
"female",1,"cpc",1,0.67
"male",1,"lpc",1,1
"female",1,"lpc",1,1
"male",1,NA,1,0.33
"male",0,NA,0.67,1
"male",0,NA,1,0.67
"female",0,"cpc",1,0.33
"female",1,"ndp",0.67,1
"male",1,NA,1,0.33
"male",1,"lpc",1,1
"female",1,"rpc",1,0.67
"female",1,NA,1,0.33
"female",1,NA,1,1
"male",1,"cpc",0.67,1
"female",1,"lpc",0.67,0.67
NA,1,"cpc",1,0.33
"female",1,NA,1,0.67
"male",0,"ndp",0.67,1
"female",1,"rpc",0.67,0.33
"male",1,NA,0,1
"male",1,"lpc",0,0.33
"female",1,NA,0.67,0.33
"male",1,"rpc",1,0.67
"male",0,"rpc",0.67,1
"male",1,"lpc",1,1
"female",1,"rpc",1,0.67
"female",1,"rpc",1,1
"female",1,NA,1,0.33
"female",0,"cpc",1,1
"female",1,"rpc",1,1
"male",1,"lpc",1,1
"female",1,"lpc",1,0.67
"female",1,"ndp",1,1
"female",1,NA,1,0.33
"male",1,NA,1,0
"female",1,NA,1,1
"female",1,"rpc",1,1
"female",1,NA,1,0.67
"female",1,NA,1,0.67
"female",1,"ndp",0.67,0.67
NA,1,"cpc",1,0.33
"male",0,"lpc",0.67,0
"female",1,NA,1,0.67
"male",1,"rpc",0.33,NA
"female",0,"lpc",1,1
"female",1,"cpc",1,1
"male",1,"lpc",0.67,0.67
"male",1,"lpc",1,1
"female",1,NA,1,1
"male",0,"cpc",1,0.33
"female",0,NA,0,1
"female",1,NA,1,0.67
"female",0,"cpc",1,0.33
"female",0,"lpc",0.33,1
"female",1,NA,1,0.33
"female",1,"ndp",1,1
"male",1,"lpc",0.67,1
"female",0,"rpc",1,1
"female",0,"cpc",1,0.67
"female",1,"rpc",1,1
"female",1,NA,1,1
"male",1,NA,1,0.33
"male",1,NA,1,0.67
"male",1,NA,1,0.67
"male",1,NA,0.33,0.67
"male",0,NA,1,1
"female",0,"ndp",1,1
"male",1,"lpc",1,1
"male",0,NA,1,0.67
"female",1,"lpc",1,1
NA,1,NA,1,0.33
"male",1,NA,0.33,0.33
"female",0,"cpc",1,0.33
"female",1,NA,1,1
"female",1,"cpc",1,0.67
"female",1,"lpc",0.67,1
"male",1,"rpc",1,1
"male",0,"rpc",1,0
"male",1,NA,1,1
"male",0,"cpc",1,0.33
"female",0,"cpc",1,0.33
"male",1,"cpc",1,1
"female",1,NA,1,0.67
"male",0,"cpc",1,0.67
"female",1,NA,0,0.67
NA,0,"ndp",1,0.67
"male",1,"cpc",1,0.33
"female",0,NA,0.67,0.67
"female",1,"rpc",1,1
"female",0,"cpc",1,0.67
"female",0,"cpc",1,0.67
"female",1,NA,1,1
"female",1,"cpc",0.67,1
"male",1,"rpc",1,1
"male",1,"rpc",1,0.67
"female",0,"lpc",0.67,1
NA,1,NA,1,1
"male",1,"rpc",1,1
"male",1,"cpc",1,0.33
NA,1,"cpc",1,0.33
NA,1,NA,0.67,0.67
"female",1,NA,1,1
"female",1,"lpc",1,1
"female",1,"lpc",1,0
"female",1,"rpc",1,0.67
"female",1,"cpc",1,0.33
"female",1,NA,1,0.67
"male",1,NA,1,0.67
"female",1,NA,0.33,1
"female",1,NA,0,1
"female",1,NA,1,1
"female",1,NA,1,1
"female",1,NA,1,0
"female",0,"lpc",1,0.67
"female",0,"ndp",1,1
"female",1,NA,0,0.67
"female",1,NA,1,0.33
NA,1,"rpc",1,1
"female",1,"lpc",1,1
NA,1,"rpc",1,1
"male",1,"cpc",1,0
"female",1,"ndp",1,1
"female",1,"rpc",1,0.67
"female",1,"ndp",0.67,0.33
"male",1,"cpc",1,0.33
NA,1,"rpc",1,0.33
"male",1,"cpc",1,0.67
"male",1,"ndp",1,NA
"female",0,NA,1,0.67
"female",1,NA,1,0.33
NA,1,"lpc",0,0.33
"female",1,NA,1,1
"female",1,"lpc",1,1
"female",0,"rpc",1,1
"female",1,"cpc",1,0.67
"female",1,NA,1,1
"female",1,"rpc",1,0.67
"female",1,"ndp",1,0.33
"male",1,NA,0.67,0.67
"male",1,NA,1,1
"female",1,"rpc",1,1
"male",1,"cpc",0,1
"female",1,"cpc",1,1
"female",1,"lpc",1,0.67
"female",1,"cpc",1,0.33
"female",1,"cpc",1,1
"female",0,NA,1,1
"female",1,NA,1,1
"female",1,"cpc",1,1
"female",1,"rpc",1,1
"female",1,"rpc",1,1
"male",1,NA,1,1
"female",1,"ndp",1,1
"female",1,"cpc",1,0.33
"female",1,NA,1,1
"male",0,"rpc",1,0.33
"male",1,NA,1,0.67
"female",1,NA,1,0.67
"female",1,NA,1,1
"female",1,NA,0.67,1
"female",1,NA,1,1
"female",1,"ndp",1,0.33
"female",1,"rpc",1,1
"male",0,"cpc",1,1
"female",1,NA,1,0.67
"female",1,NA,0.67,1
"female",1,NA,1,1
"male",1,"rpc",1,0.33
"female",1,"rpc",1,0.67
NA,1,"cpc",1,1
"male",1,"cpc",1,NA
"female",1,"lpc",1,0.33
"female",1,"rpc",0.67,1
"male",0,"rpc",0.67,0.67
NA,0,"lpc",1,0.67
"male",1,"rpc",0.33,0.67
"female",1,NA,1,0.33
"female",1,"lpc",1,1
"male",1,NA,1,1
"female",1,"rpc",0.67,1
"male",1,NA,1,0.33
NA,1,NA,1,1
"female",1,NA,0.67,1
"female",0,NA,0.67,0.67
NA,0,NA,1,0
"female",0,NA,1,1
"female",0,"lpc",0.67,1
"male",1,"lpc",1,0.33
"female",1,"lpc",1,0.67
"female",0,"ndp",1,1
"male",1,"rpc",1,1
"female",1,NA,0.67,0.33
NA,0,NA,1,1
"female",1,"cpc",1,1
"male",0,NA,1,1
"male",1,"lpc",1,1
NA,1,NA,1,0.33
"male",1,NA,0.67,1
"female",0,"rpc",1,1
"female",0,"lpc",1,0.33
"female",1,NA,1,1
"female",1,"lpc",1,1
"female",1,"lpc",0.67,0.67
"female",1,NA,1,0.67
"male",1,"lpc",1,1
"male",0,"rpc",1,0.67
"female",1,"rpc",1,0.67
"female",1,"ndp",1,0.67
"female",1,NA,0,1
"female",1,"lpc",1,1
"female",1,"lpc",1,0.33
"female",0,NA,1,1
"female",1,NA,1,0.33
"female",1,NA,1,0.33
"male",1,"rpc",1,1
NA,1,"rpc",1,1
"female",1,"rpc",1,0.67
"female",0,"ndp",1,0.33
"male",0,"lpc",0.67,1
"female",1,NA,0,1
"female",1,"rpc",1,0.67
"female",1,NA,1,1
NA,1,NA,1,1
"female",1,"rpc",1,1
"male",1,"rpc",1,1
"male",1,"rpc",1,1
"male",1,"rpc",1,1
"male",1,"lpc",1,0.67
"male",1,NA,1,0.33
"male",1,"lpc",1,0.67
NA,1,"rpc",1,1
"female",0,"lpc",1,1
"female",0,"cpc",1,0
"female",1,"cpc",1,1
NA,0,NA,1,1
"female",0,NA,1,1
"male",1,"lpc",1,1
"female",1,NA,1,1
"female",1,"lpc",0.67,0.33
"female",1,"lpc",1,1
"female",1,NA,1,0.67
"male",1,NA,1,0.67
"female",1,"rpc",1,1
"male",0,"rpc",1,0.67
"female",1,NA,0.67,1
NA,1,"ndp",0.67,1
"female",1,NA,1,0
"female",0,"ndp",1,0.33
"female",1,"ndp",1,1
"female",1,"lpc",1,1
"male",1,"rpc",1,0.67
"female",1,"lpc",1,1
NA,1,"rpc",1,1
"female",1,"rpc",1,1
"female",1,"rpc",1,1
"female",0,"lpc",1,0.33
"female",1,NA,1,1
"female",1,"rpc",1,0.33
"female",0,NA,1,0.67
"female",0,NA,1,1
"female",0,"ndp",1,1
"male",0,NA,1,1
"male",1,NA,1,0.33
"male",1,"rpc",1,0.67
"female",1,"cpc",1,0.67
"female",0,"ndp",1,0.67
"female",1,"lpc",1,0.67
"female",1,"rpc",1,0.67
"male",1,"rpc",1,1
"male",1,NA,1,0.67
"female",1,"cpc",1,1
NA,1,"lpc",1,0.67
"male",1,"lpc",1,0.33
"male",1,"lpc",1,1
"female",1,NA,1,0.33
"female",1,"lpc",1,0.67
"male",1,"rpc",1,1
"male",1,NA,0.67,1
"female",1,"rpc",1,1
"male",1,"lpc",1,0.67
NA,1,"rpc",1,1
"female",1,"ndp",1,1
"male",1,"rpc",1,1
"female",1,"rpc",1,0.33
"female",1,"rpc",1,0.33
"male",1,"rpc",0.33,1
"female",0,"ndp",1,1
"male",1,NA,0,1
"female",1,"lpc",1,1
"female",1,NA,0.67,1
"male",1,NA,0,1
"female",1,"cpc",1,0.67
NA,1,"lpc",1,1
"male",0,"ndp",1,1
"female",1,"rpc",1,0
"female",1,"cpc",1,0.67
"female",1,"rpc",1,1
"female",1,NA,1,1
"female",1,"rpc",1,0.33
"female",1,"cpc",1,1
"male",1,NA,1,1
"male",1,"lpc",1,0.67
"female",0,NA,1,1
"female",1,"ndp",1,0.67
"female",1,NA,1,0.33
"male",1,NA,NA,1
"female",1,"cpc",1,0.67
"female",1,NA,1,1
"female",1,NA,1,1
"male",1,NA,1,0.33
"male",1,NA,1,0.67
"female",1,"lpc",1,0.67
NA,0,"cpc",1,0.67
"male",1,"lpc",1,0.67
"male",1,NA,1,0.67
"female",1,"lpc",1,0.67
"female",1,"rpc",1,1
"female",0,NA,1,1
"male",0,NA,1,1
"female",0,NA,1,1
"female",0,NA,1,1
"female",1,"lpc",0.67,0.67
"male",1,"lpc",1,1
"female",1,NA,1,0.67
"male",1,"rpc",1,0.67
NA,1,"cpc",1,1
"female",1,NA,1,0.33
"male",0,NA,1,0.33
"male",0,"ndp",1,0.67
NA,0,"lpc",1,1
"female",1,NA,0.67,1
"female",1,"ndp",0.67,0.33
"female",1,NA,0,0.67
"female",1,"rpc",0.67,0.67
"female",1,"lpc",1,0.67
"female",1,"cpc",0.67,0.33
"female",1,"cpc",0.67,0.67
"female",NA,"lpc",1,0
"female",NA,NA,0.67,NA
NA,NA,NA,NA,NA
"female",NA,"lpc",1,0.67
"female",NA,"lpc",1,0.33
"female",NA,NA,1,0.67
"female",NA,"cpc",1,0.33
"female",NA,NA,1,0.33
"female",NA,NA,1,0
NA,NA,"cpc",1,0.33
NA,NA,NA,NA,NA
NA,NA,NA,NA,NA
"female",NA,NA,1,0.33
"female",NA,NA,1,0.33
"female",NA,"lpc",1,0.67
NA,NA,NA,NA,NA
NA,NA,NA,NA,NA
NA,NA,NA,NA,NA
"female",NA,NA,1,1
"male",NA,"lpc",1,0.67
"male",NA,"cpc",1,0.33
"male",NA,NA,1,1
"female",NA,"cpc",1,0.33
"female",NA,"lpc",1,0.33
"female",NA,"cpc",1,1
"male",NA,"lpc",1,1
NA,NA,NA,NA,NA
"female",NA,"lpc",1,0.33
"female",NA,"lpc",1,1
"male",NA,"lpc",0.67,1
NA,NA,NA,NA,NA
NA,NA,"ndp",1,1
NA,NA,NA,NA,NA
NA,NA,NA,NA,NA
NA,NA,NA,NA,NA
NA,NA,NA,NA,NA
NA,NA,NA,NA,NA
NA,NA,NA,NA,NA
NA,NA,NA,NA,NA
NA,NA,NA,NA,NA
NA,NA,NA,NA,NA
"female",NA,NA,1,1
NA,NA,NA,NA,NA
"female",NA,"lpc",1,0.33
NA,NA,NA,NA,NA
NA,NA,"lpc",1,0.67
"female",NA,NA,1,0.33
NA,NA,NA,NA,NA
NA,NA,NA,NA,NA
NA,NA,NA,NA,NA
"female",NA,"rpc",1,1
NA,NA,NA,NA,NA
NA,NA,NA,NA,NA
NA,NA,NA,NA,NA
"female",NA,"lpc",0,1
NA,NA,NA,NA,NA
"female",NA,NA,0.67,1
"female",NA,NA,1,1
NA,NA,NA,NA,NA
"female",NA,"cpc",1,0.33
"female",NA,"lpc",1,1
NA,NA,NA,NA,NA
NA,NA,"cpc",1,0.33
"female",NA,"lpc",1,1
"male",NA,"lpc",0.67,1
NA,NA,NA,NA,NA
NA,NA,NA,NA,NA
NA,NA,NA,NA,NA
"female",NA,NA,1,1
"female",NA,NA,1,1
"female",NA,"rpc",0,1
"female",NA,"cpc",0.67,1
NA,NA,"lpc",1,1
"female",NA,NA,1,0.67
NA,NA,NA,NA,NA
NA,NA,NA,NA,NA
"female",NA,"rpc",1,1
"female",NA,"lpc",1,0.33
"male",NA,"cpc",1,0.67
"female",NA,"lpc",0.67,1
NA,NA,NA,NA,NA
NA,NA,NA,NA,NA
NA,NA,NA,NA,NA
"female",NA,"lpc",1,0.33
NA,NA,NA,NA,NA
NA,NA,NA,NA,NA
"female",NA,"lpc",1,0
NA,NA,NA,NA,NA
NA,NA,NA,NA,NA
"male",NA,"cpc",1,0
NA,NA,NA,1,1
"female",NA,"rpc",1,0.67
"female",NA,NA,1,0.33
"female",NA,"rpc",1,0.33
"female",NA,"cpc",1,1
"female",NA,NA,0,1
"female",NA,"lpc",1,0.67
NA,NA,NA,NA,NA
NA,NA,NA,NA,NA
NA,NA,NA,NA,NA
"female",NA,"cpc",1,0.33
"female",NA,"lpc",1,1
NA,NA,NA,NA,NA
NA,NA,NA,NA,NA
"female",NA,"cpc",1,0.33
NA,NA,"lpc",1,0.67
"female",NA,"lpc",1,0.67
NA,NA,NA,NA,NA
"female",NA,NA,1,1
"female",NA,NA,1,1
"female",NA,"lpc",1,0.33
"female",NA,"lpc",1,0.33
NA,NA,NA,NA,NA
NA,NA,NA,NA,NA
"female",NA,"lpc",1,1
"male",NA,"cpc",1,1
"female",NA,NA,1,1
"male",NA,"lpc",1,1
"female",NA,"lpc",1,0.33
NA,NA,NA,NA,NA
"male",NA,"lpc",1,0.67
"female",NA,"lpc",0.67,0.33
"female",NA,"lpc",0,1
"female",NA,"ndp",1,0.67
NA,NA,NA,NA,NA
"female",NA,"cpc",1,1
"female",NA,"lpc",1,1
"female",NA,"lpc",1,1
"female",NA,"ndp",1,1
"female",NA,"ndp",1,1
"female",NA,NA,1,0
"female",NA,NA,1,1
NA,NA,NA,NA,NA
"female",NA,"rpc",1,0.33
"male",NA,NA,0.67,0.67
"female",NA,"lpc",1,1
"female",NA,NA,1,1
"female",NA,"lpc",1,0.33
NA,NA,NA,NA,NA
NA,NA,NA,NA,NA
"female",NA,NA,1,0.67
NA,NA,"lpc",1,0.33
"female",NA,"lpc",1,1
NA,NA,NA,1,1
"female",NA,"lpc",1,0.33
"female",NA,"lpc",1,0.33
"female",NA,NA,0,1
NA,NA,NA,NA,NA
"female",NA,NA,1,1
"female",NA,"cpc",1,0.67
NA,NA,NA,NA,NA
"female",NA,NA,0,0.67
NA,NA,NA,1,1
NA,NA,NA,NA,NA
"female",NA,"rpc",1,0
NA,NA,NA,NA,NA
NA,NA,NA,NA,NA
"male",NA,"cpc",1,0.33
NA,NA,NA,NA,NA
NA,NA,NA,NA,NA
"male",NA,"lpc",1,0.33
"female",NA,"cpc",0.33,0.33
"female",NA,"lpc",1,1
"female",NA,NA,1,0.33
NA,NA,"cpc",1,0.33
"female",NA,"ndp",1,1
"female",NA,"lpc",1,0.67
NA,NA,NA,NA,NA
NA,NA,NA,NA,NA
"female",NA,NA,1,1
NA,NA,NA,NA,NA
"female",NA,NA,1,0
NA,NA,NA,NA,NA
"female",NA,NA,1,0.67
"female",NA,"ndp",1,0.33
NA,NA,NA,NA,NA
"female",NA,"lpc",1,NA
"female",NA,NA,1,1
"female",NA,"lpc",1,1
NA,NA,NA,NA,NA
"female",NA,"lpc",1,0.67
"female",NA,"cpc",1,0.67
"female",NA,NA,1,NA
"male",NA,"lpc",1,1
"female",NA,NA,1,1
NA,NA,NA,NA,NA
"female",NA,"lpc",1,0.67
NA,NA,NA,NA,NA
"male",NA,NA,1,0.33
"female",NA,"cpc",1,1
"male",NA,"rpc",0,1
"male",NA,"lpc",1,0.67
"female",NA,"lpc",1,0.67
NA,NA,NA,NA,NA
"female",NA,"lpc",1,0.33
NA,NA,NA,NA,NA
NA,NA,NA,NA,NA
"female",NA,"lpc",0.67,0.67
NA,NA,"lpc",1,0.67
"female",NA,NA,1,1
"female",NA,"cpc",1,0.67
"female",NA,"lpc",0.67,0.33
"female",NA,"lpc",1,0.67
"female",NA,"cpc",1,0.67
NA,NA,NA,NA,NA
"male",NA,NA,1,0.33
NA,NA,NA,NA,NA
NA,NA,NA,NA,NA
"female",NA,"lpc",0.67,1
"female",NA,NA,1,0.67
"female",NA,NA,1,1
NA,NA,NA,NA,NA
NA,NA,NA,NA,NA
NA,NA,NA,NA,NA
NA,NA,NA,NA,NA
NA,NA,NA,NA,NA
NA,NA,NA,NA,NA
"female",NA,"lpc",0,1
"female",NA,NA,1,0.67
NA,NA,NA,NA,NA
"female",NA,NA,1,1
"female",NA,NA,1,0
"female",NA,NA,1,0.33
NA,NA,NA,NA,NA
"female",NA,NA,0.67,0.67
"female",NA,NA,0.67,0.67
"female",NA,NA,1,1
"female",NA,NA,NA,NA
NA,NA,NA,NA,NA
NA,NA,NA,1,1
NA,NA,NA,NA,NA
"male",NA,"bq",0.67,0.67
NA,NA,NA,NA,NA
"male",NA,"bq",1,1
NA,NA,NA,NA,NA
"female",NA,"bq",1,1
NA,NA,NA,NA,NA
NA,NA,NA,NA,NA
NA,NA,NA,NA,NA
"male",NA,NA,0.67,1
NA,NA,NA,NA,NA
NA,NA,NA,NA,NA
NA,NA,NA,NA,NA
"female",NA,NA,0.67,NA
NA,NA,"bq",1,1
NA,NA,NA,NA,NA
"male",NA,"lpc",1,1
"female",NA,"bq",1,1
NA,NA,NA,0.33,1
NA,NA,NA,NA,NA
NA,NA,NA,1,0.67
NA,NA,NA,NA,NA
NA,NA,"bq",1,1
NA,NA,NA,NA,NA
NA,NA,NA,NA,NA
NA,NA,NA,NA,NA
NA,NA,NA,NA,NA
NA,NA,NA,NA,NA
"male",NA,"bq",0.67,0
"female",NA,NA,1,1
"female",NA,NA,NA,1
"male",NA,"bq",1,1
NA,NA,NA,NA,NA
NA,NA,NA,NA,NA
NA,NA,NA,NA,NA
NA,NA,"bq",1,1
NA,NA,NA,NA,NA
"male",NA,NA,1,0.67
"male",NA,"bq",1,0
NA,NA,"cpc",1,NA
"female",NA,NA,1,0.33
NA,NA,NA,NA,NA
NA,NA,"bq",1,1
NA,NA,NA,NA,NA
NA,NA,NA,NA,NA
NA,NA,NA,NA,NA
NA,NA,NA,NA,NA
NA,NA,NA,NA,NA
NA,NA,"lpc",1,0.67
"male",NA,"bq",1,1
"male",NA,"bq",1,1
NA,NA,NA,NA,NA
"male",NA,"cpc",0.67,0.33
NA,NA,NA,NA,NA
NA,NA,NA,NA,NA
NA,NA,NA,NA,NA
"male",NA,"bq",1,1
"female",NA,"lpc",1,0.33
NA,NA,"bq",0.67,1
"male",NA,NA,1,1
NA,NA,NA,NA,NA
NA,NA,NA,NA,NA
NA,NA,NA,0.67,0.67
NA,NA,NA,NA,NA
"male",NA,"bq",1,1
NA,NA,NA,1,0.67
"male",NA,NA,1,1
NA,NA,NA,NA,NA
NA,NA,"bq",1,1
NA,NA,NA,NA,NA
NA,NA,NA,NA,NA
NA,NA,"bq",1,0.67
NA,NA,NA,NA,NA
NA,NA,NA,NA,NA
"male",NA,NA,1,1
"female",NA,"lpc",1,0.33
NA,NA,NA,NA,NA
"male",NA,NA,0.33,0.33
"female",NA,"bq",1,1
"male",NA,"bq",1,0.67
NA,NA,NA,NA,NA
"female",NA,"lpc",1,0.33
"female",NA,"bq",1,1
NA,NA,NA,NA,NA
NA,NA,NA,NA,NA
NA,NA,NA,NA,NA
NA,NA,NA,NA,NA
NA,NA,"bq",0.67,0.67
NA,NA,NA,NA,NA
NA,NA,NA,NA,NA
NA,NA,NA,NA,NA
"male",NA,"bq",1,1
NA,NA,NA,NA,NA
NA,NA,NA,NA,NA
NA,NA,NA,NA,NA
"female",NA,NA,1,1
"male",NA,"bq",1,1
NA,NA,"lpc",1,1
"male",NA,"bq",1,0.33
"male",NA,"bq",1,1
"male",NA,"lpc",1,1
"female",NA,"bq",1,1
NA,NA,NA,NA,NA
NA,NA,NA,NA,NA
"male",NA,NA,1,0.33
NA,NA,NA,NA,NA
NA,NA,"bq",1,0
"male",NA,NA,1,1
NA,NA,NA,NA,NA
"female",NA,"bq",0.67,0.67
"male",NA,"bq",0.67,1
NA,NA,"bq",1,0.67
NA,NA,NA,NA,NA
NA,NA,NA,NA,NA
NA,NA,NA,NA,NA
NA,NA,"lpc",1,1
"male",NA,"bq",1,0.67
NA,NA,NA,NA,NA
NA,NA,NA,NA,NA
"male",NA,"cpc",1,1
NA,NA,NA,NA,NA
"male",NA,"bq",1,1
"female",NA,NA,1,NA
NA,NA,NA,NA,NA
NA,NA,NA,NA,NA
NA,NA,NA,NA,NA
"male",NA,"bq",1,1
"female",NA,"bq",1,1
"male",NA,"ndp",0,0.33
NA,NA,NA,NA,NA
"female",NA,NA,0.67,1
NA,NA,NA,1,1
NA,NA,NA,NA,NA
NA,NA,NA,NA,NA
NA,NA,NA,NA,NA
NA,NA,NA,NA,NA
NA,NA,NA,1,1
"male",NA,"bq",1,1
NA,NA,NA,NA,NA
NA,NA,NA,NA,NA
NA,NA,NA,NA,NA
NA,NA,NA,NA,NA
NA,NA,NA,NA,NA
NA,NA,NA,NA,NA
"male",NA,"bq",1,1
NA,NA,NA,NA,NA
NA,NA,NA,NA,NA
NA,NA,"bq",1,0.33
"female",NA,"lpc",1,0.67
NA,NA,NA,0.67,1
NA,NA,NA,NA,NA
NA,NA,NA,NA,NA
NA,NA,NA,NA,NA
NA,NA,NA,0.67,1
"female",NA,"cpc",1,0.33
NA,NA,NA,NA,NA
NA,NA,"bq",1,0.67
"female",NA,NA,0.33,1
NA,NA,"bq",1,0.67
"female",NA,NA,1,1
NA,NA,NA,NA,NA
NA,NA,NA,NA,NA
NA,NA,NA,NA,NA
NA,NA,"bq",0.67,0.67
NA,NA,NA,NA,NA
NA,NA,NA,NA,NA
NA,NA,"bq",1,1
NA,NA,NA,NA,NA
"male",NA,NA,NA,1
NA,NA,NA,NA,NA
"male",NA,NA,0,0.33
NA,NA,NA,NA,NA
NA,NA,NA,NA,NA
NA,NA,NA,NA,NA
NA,NA,"bq",0.67,0.33
NA,NA,NA,NA,NA
NA,NA,"bq",0.33,1
NA,NA,NA,NA,NA
"female",NA,"cpc",1,0.67
"male",NA,"bq",1,0.33
"female",NA,"cpc",1,0.33
"female",NA,"cpc",1,1
NA,NA,NA,1,1
"female",NA,"bq",1,1
"male",NA,"bq",1,1
"male",NA,NA,1,1
NA,NA,NA,NA,NA
"male",NA,NA,0.67,1
"male",NA,NA,0,0.33
"female",NA,NA,0.67,1
NA,NA,"cpc",1,0.67
"male",NA,"bq",1,1
"male",NA,NA,0.33,0.33
"male",NA,"lpc",0,1
NA,NA,NA,1,0.67
"male",NA,"bq",0.67,1
NA,NA,NA,NA,NA
"female",NA,"bq",1,0.67
NA,NA,NA,NA,NA
NA,NA,NA,NA,NA
"male",NA,NA,0.67,1
"female",NA,NA,1,1
NA,NA,NA,NA,NA
"female",NA,"cpc",1,0.67
NA,NA,"bq",1,1
"male",NA,"bq",1,1
NA,NA,NA,NA,NA
NA,NA,NA,NA,NA
"male",NA,NA,1,0.67
NA,NA,NA,NA,NA
NA,NA,"bq",1,0.67
"male",NA,"lpc",1,0.67
NA,NA,NA,NA,NA
NA,NA,NA,1,0.67
NA,NA,"bq",1,1
"female",NA,"cpc",1,0.33
"male",NA,"bq",1,1
"male",NA,"lpc",1,0.33
NA,NA,NA,NA,NA
NA,NA,NA,NA,NA
"male",NA,"lpc",1,0.33
"male",NA,"cpc",0,1
NA,NA,NA,NA,NA
NA,NA,NA,NA,NA
NA,NA,"cpc",1,0.33
NA,NA,NA,NA,NA
NA,NA,NA,NA,NA
NA,NA,NA,NA,NA
NA,NA,NA,NA,NA
NA,NA,NA,1,0.67
NA,NA,NA,NA,NA
"female",NA,"bq",0.67,0.33
NA,NA,NA,NA,NA
NA,NA,NA,NA,NA
"female",NA,"lpc",1,1
NA,NA,NA,NA,NA
NA,NA,NA,NA,NA
NA,NA,NA,NA,NA
NA,NA,NA,NA,NA
NA,NA,NA,NA,NA
NA,NA,"bq",1,0.67
"male",NA,"bq",0,1
"male",NA,NA,1,1
NA,NA,NA,0,0.67
"male",NA,NA,0.33,0.67
NA,NA,"lpc",1,1
NA,NA,NA,1,0.33
NA,NA,NA,NA,NA
NA,NA,NA,NA,NA
"female",NA,"lpc",1,1
NA,NA,"bq",1,0.33
"female",NA,"bq",1,0.33
"female",NA,"bq",1,0
NA,NA,NA,1,0.67
"female",NA,"lpc",1,0.67
NA,NA,NA,NA,NA
NA,NA,NA,NA,NA
NA,NA,NA,NA,NA
NA,NA,NA,1,0.67
"male",NA,"bq",1,0
NA,NA,NA,NA,NA
"male",NA,"cpc",1,0.33
NA,NA,NA,0.67,0.67
NA,NA,NA,NA,NA
NA,NA,NA,NA,NA
"male",NA,NA,1,0.33
NA,NA,NA,NA,NA
NA,NA,NA,NA,NA
"female",NA,"lpc",1,1
"female",NA,"bq",1,1
"male",NA,"bq",1,1
NA,NA,NA,0.67,1
NA,NA,NA,NA,NA
NA,NA,NA,NA,NA
NA,NA,NA,NA,NA
"male",NA,"bq",1,0.33
NA,NA,NA,NA,NA
NA,NA,NA,NA,NA
"male",NA,"bq",1,1
NA,NA,NA,NA,NA
NA,NA,NA,NA,NA
NA,NA,NA,NA,NA
NA,NA,NA,NA,NA
NA,NA,NA,NA,NA
NA,NA,NA,NA,NA
NA,NA,"bq",1,1
NA,NA,NA,0.67,1
"male",NA,"bq",0.67,1
NA,NA,NA,NA,NA
NA,NA,NA,NA,NA
NA,NA,NA,NA,NA
NA,NA,NA,NA,NA
NA,NA,NA,NA,NA
NA,NA,NA,NA,NA
"male",NA,"bq",1,1
NA,NA,NA,NA,NA
NA,NA,NA,NA,NA
"female",NA,"lpc",1,1
NA,NA,NA,NA,NA
NA,NA,NA,1,0.67
NA,NA,NA,NA,NA
NA,NA,NA,NA,NA
NA,NA,NA,NA,NA
NA,NA,NA,NA,NA
NA,NA,"bq",0.67,NA
NA,NA,NA,NA,NA
NA,NA,NA,NA,NA
NA,NA,NA,NA,NA
"male",NA,"bq",1,0.33
NA,NA,"bq",1,0.33
"male",NA,"cpc",NA,1
NA,NA,NA,NA,NA
NA,NA,"lpc",0.67,1
"female",NA,NA,1,1
NA,NA,NA,NA,NA
NA,NA,NA,NA,NA
NA,NA,NA,NA,NA
"male",NA,"bq",1,0.33
"male",NA,"bq",1,1
NA,NA,NA,NA,NA
NA,NA,NA,NA,NA
"female",NA,"lpc",1,0.33
NA,NA,NA,0.67,1
NA,NA,NA,NA,NA
NA,NA,NA,NA,NA
"male",NA,"bq",1,1
NA,NA,NA,NA,NA
NA,NA,NA,NA,NA
NA,NA,NA,NA,NA
"male",NA,"bq",1,1
NA,NA,NA,0.67,0.67
NA,NA,NA,NA,NA
NA,NA,NA,NA,NA
"male",NA,"bq",0.67,1
"male",NA,"bq",1,0.67
"male",NA,"bq",1,0.67
NA,NA,NA,NA,NA
NA,NA,NA,NA,NA
NA,NA,"bq",1,1
NA,NA,NA,NA,NA
"female",NA,"bq",0.67,0.67
"male",NA,"rpc",1,1
"male",NA,"bq",1,1
NA,NA,NA,NA,NA
NA,NA,NA,NA,NA
NA,NA,NA,NA,NA
NA,NA,NA,1,0.67
NA,NA,NA,NA,NA
NA,NA,"cpc",0.67,0.67
NA,NA,NA,NA,NA
"female",NA,NA,1,1
"female",NA,"bq",1,0
NA,NA,"lpc",1,1
NA,NA,NA,NA,NA
"female",NA,NA,1,0.33
NA,NA,NA,NA,NA
"male",NA,"bq",1,1
NA,NA,"bq",1,0.33
NA,NA,"bq",1,1
"male",NA,"lpc",1,1
NA,NA,"lpc",1,0.67
NA,NA,NA,NA,NA
NA,NA,NA,NA,NA
NA,NA,NA,NA,NA
NA,NA,NA,NA,NA
NA,NA,NA,NA,NA
"male",NA,NA,1,1
NA,NA,NA,NA,NA
NA,NA,NA,1,1
NA,NA,NA,NA,NA
NA,NA,NA,NA,NA
"female",NA,"bq",1,1
"female",NA,"bq",1,1
NA,NA,NA,NA,NA
"male",NA,NA,1,0.67
NA,NA,NA,NA,NA
NA,NA,NA,NA,NA
NA,NA,NA,NA,NA
NA,NA,NA,NA,NA
"male",NA,"cpc",1,0
"male",NA,"bq",1,1
NA,NA,NA,NA,NA
"male",NA,NA,0.67,0.67
"male",NA,"lpc",1,0.67
"female",NA,NA,1,0
NA,NA,NA,NA,NA
"male",NA,"bq",1,1
NA,NA,NA,NA,NA
NA,NA,NA,NA,NA
NA,NA,NA,NA,NA
"female",NA,"bq",1,1
NA,NA,"bq",1,0.67
NA,NA,NA,NA,NA
"male",NA,"bq",1,1
NA,NA,NA,NA,NA
"female",NA,"cpc",1,0
"male",NA,"bq",1,0.67
NA,NA,NA,1,0.33
NA,NA,NA,NA,NA
NA,NA,NA,NA,NA
NA,NA,NA,NA,NA
"male",NA,"cpc",1,1
NA,NA,NA,NA,NA
"female",NA,"bq",1,1
NA,NA,NA,NA,NA
"female",NA,"bq",1,0.33
"female",NA,NA,1,0.67
"female",NA,"lpc",1,1
NA,NA,NA,NA,NA
NA,NA,NA,NA,NA
NA,NA,NA,NA,NA
NA,NA,NA,NA,0.67
NA,NA,"bq",1,0.67
NA,NA,NA,NA,NA
"male",NA,"bq",0,1
NA,NA,"cpc",1,0.67
NA,NA,NA,0.67,1
NA,NA,NA,NA,NA
"female",NA,NA,1,1
"male",NA,"cpc",1,0
NA,NA,"lpc",1,1
NA,NA,NA,NA,NA
NA,NA,NA,NA,NA
NA,NA,NA,NA,NA
NA,NA,"cpc",1,0.67
NA,NA,NA,NA,NA
NA,NA,NA,NA,NA
NA,NA,"bq",1,0
NA,NA,"lpc",0.67,1
NA,NA,NA,NA,NA
NA,NA,"bq",1,0.67
NA,NA,NA,NA,NA
NA,NA,NA,NA,NA
NA,NA,NA,NA,NA
NA,NA,"bq",1,1
NA,NA,NA,NA,NA
"male",NA,"cpc",1,0.67
"female",NA,NA,0.67,0.67
NA,NA,NA,NA,NA
NA,NA,NA,NA,NA
NA,NA,NA,NA,NA
NA,NA,NA,NA,NA
"male",NA,"cpc",1,0.33
"male",NA,"bq",1,1
"male",NA,"bq",1,1
NA,NA,"lpc",0.67,1
NA,NA,NA,NA,NA
NA,NA,NA,0.67,0.33
NA,NA,NA,NA,NA
NA,NA,NA,NA,NA
NA,NA,"bq",0.67,1
NA,NA,NA,NA,NA
NA,NA,"bq",0.67,1
NA,NA,NA,NA,NA
"male",NA,"bq",1,0.33
NA,NA,NA,1,0.67
NA,NA,"bq",0.67,1
"female",NA,"lpc",0,1
NA,NA,NA,NA,NA
NA,NA,NA,NA,NA
NA,NA,"bq",1,0.33
"male",NA,"bq",1,0
"female",NA,"bq",1,1
NA,NA,NA,NA,NA
NA,NA,NA,NA,NA
NA,NA,NA,NA,NA
NA,NA,NA,1,1
NA,NA,NA,NA,NA
NA,NA,NA,NA,NA
"male",NA,"cpc",0.67,0
NA,NA,"lpc",1,0.67
"male",NA,"cpc",0.67,0
"female",NA,"bq",1,1
NA,NA,NA,NA,NA
NA,NA,NA,NA,NA
NA,NA,NA,1,1
NA,NA,NA,NA,NA
"female",NA,"cpc",1,0.67
NA,NA,NA,NA,NA
NA,NA,NA,NA,NA
"male",NA,"lpc",1,1
NA,NA,NA,NA,NA
"male",NA,NA,1,1
NA,NA,NA,NA,NA
NA,NA,NA,NA,NA
"male",NA,NA,1,1
NA,NA,NA,1,0.33
"female",NA,NA,1,0.67
NA,NA,NA,NA,NA
NA,NA,NA,NA,NA
NA,NA,NA,NA,NA
NA,NA,NA,NA,NA
"male",NA,"lpc",0.67,1
NA,NA,NA,NA,NA
NA,NA,"bq",1,1
NA,NA,NA,NA,NA
"female",NA,"bq",1,1
NA,NA,NA,NA,NA
"male",NA,"bq",1,1
NA,NA,NA,NA,NA
"female",NA,NA,1,1
NA,NA,"lpc",1,0.33
NA,NA,"lpc",0.67,1
NA,NA,NA,NA,NA
NA,NA,NA,NA,NA
"male",NA,NA,0.67,1
"male",NA,"bq",1,1
NA,NA,NA,NA,NA
NA,NA,NA,0.67,0.67
"male",NA,"lpc",1,0.33
NA,NA,NA,NA,NA
NA,NA,NA,NA,NA
NA,NA,NA,NA,NA
"female",NA,"lpc",1,1
NA,NA,NA,1,0.67
NA,NA,NA,NA,NA
NA,NA,NA,NA,NA
"male",NA,"bq",1,1
NA,NA,NA,NA,NA
NA,NA,NA,NA,NA
NA,NA,NA,NA,NA
NA,NA,NA,NA,NA
"male",NA,"bq",1,0.67
"male",NA,"cpc",0.67,1
"female",NA,NA,1,1
NA,NA,NA,NA,NA
"male",NA,"bq",1,1
"male",NA,"cpc",0.67,1
NA,NA,NA,NA,NA
NA,NA,NA,NA,NA
"female",NA,"ndp",0.67,1
NA,NA,NA,NA,NA
"male",NA,NA,0.67,1
NA,NA,NA,NA,NA
NA,NA,NA,1,0.67
NA,NA,NA,NA,NA
"male",NA,"lpc",1,0.67
"male",NA,"bq",1,0.67
"male",NA,"bq",1,1
NA,NA,NA,NA,NA
"female",NA,"bq",0.67,0.33
NA,NA,"bq",1,0.33
"female",NA,"bq",1,0.33
NA,NA,NA,NA,NA
"male",NA,NA,1,1
NA,NA,NA,NA,NA
NA,NA,NA,NA,NA
NA,NA,NA,NA,NA
"male",NA,"cpc",1,0.33
"male",NA,"bq",1,0.33
"female",NA,"lpc",1,1
NA,NA,NA,NA,NA
NA,NA,NA,NA,NA
"female",NA,NA,0.67,0.67
NA,NA,NA,NA,NA
NA,NA,NA,NA,NA
NA,NA,NA,NA,NA
"female",NA,NA,1,1
NA,NA,NA,NA,NA
NA,NA,NA,NA,NA
NA,NA,NA,NA,NA
"female",NA,"bq",1,1
NA,NA,NA,NA,NA
NA,NA,NA,NA,NA
NA,NA,NA,NA,NA
"female",NA,"bq",1,1
"female",NA,"cpc",1,0.33
"male",NA,"bq",1,0.67
NA,NA,NA,NA,NA
NA,NA,NA,NA,NA
NA,NA,NA,NA,NA
NA,NA,NA,NA,NA
NA,NA,NA,NA,NA
NA,NA,NA,NA,NA
NA,NA,NA,NA,NA
NA,NA,"bq",1,1
NA,NA,NA,1,1
"male",NA,"cpc",1,1
"female",NA,"cpc",1,0.67
NA,NA,NA,NA,NA
NA,NA,NA,NA,NA
"male",NA,NA,1,0.67
NA,NA,"cpc",0.67,0.67
"male",NA,NA,1,0.67
NA,NA,"cpc",0.67,0.33
NA,NA,"bq",1,0.33
NA,NA,NA,NA,NA
NA,NA,NA,NA,NA
NA,NA,NA,NA,NA
NA,NA,"lpc",1,0.33
NA,NA,NA,1,1
NA,NA,NA,NA,NA
NA,NA,NA,NA,NA
"female",NA,"bq",0.33,1
"male",NA,"cpc",1,1
NA,NA,NA,NA,NA
NA,NA,NA,NA,NA
"male",NA,"cpc",1,0.33
"female",NA,"lpc",1,1
"female",NA,"bq",1,1
"male",NA,"bq",1,0.67
"female",NA,"bq",1,1
"female",NA,"bq",1,1
NA,NA,NA,NA,NA
NA,NA,NA,NA,NA
"female",NA,"bq",1,0.67
NA,NA,"bq",1,0.67
NA,NA,NA,NA,NA
NA,NA,"lpc",1,0.67
NA,NA,"bq",1,0.67
NA,NA,NA,NA,NA
NA,NA,NA,NA,NA
NA,NA,NA,NA,NA
NA,NA,NA,NA,NA
NA,NA,NA,1,0.67
"male",NA,"lpc",0.33,1
"male",NA,"bq",1,0.67
NA,NA,NA,NA,NA
"male",NA,NA,1,0.67
NA,NA,NA,NA,NA
"male",NA,NA,1,1
NA,NA,NA,NA,NA
"male",NA,NA,0.67,1
"male",NA,"bq",1,0.67
NA,NA,"bq",1,1
"female",NA,"bq",1,1
NA,NA,NA,NA,NA
"female",NA,"bq",1,0.33
"female",NA,"cpc",1,0.33
"female",NA,"bq",1,1
NA,NA,"bq",0.33,1
"male",NA,"bq",0,1
"female",NA,"lpc",1,1
NA,NA,NA,NA,NA
NA,NA,NA,NA,NA
"female",NA,NA,1,0
NA,NA,NA,NA,NA
NA,NA,"bq",1,0.33
"male",NA,"bq",1,1
"male",NA,"bq",1,1
NA,NA,NA,1,1
NA,NA,NA,NA,NA
"male",NA,NA,1,0.33
NA,NA,NA,1,0.33
NA,NA,NA,NA,NA
"female",NA,"bq",1,1
"male",NA,"cpc",1,1
NA,NA,NA,1,0.33
NA,NA,NA,NA,NA
NA,NA,NA,NA,NA
NA,NA,NA,NA,NA
"female",NA,"bq",1,0
NA,NA,NA,NA,NA
"female",NA,"bq",1,1
NA,NA,NA,NA,NA
NA,NA,NA,NA,NA
"male",NA,NA,1,1
NA,NA,NA,NA,NA
"male",NA,"lpc",1,1
"female",NA,"bq",1,0.33
"female",NA,"bq",1,0.67
"female",NA,"bq",1,0
"female",NA,NA,0,1
NA,NA,NA,NA,NA
NA,NA,NA,NA,NA
NA,NA,NA,NA,NA
NA,NA,"bq",1,0.67
NA,NA,NA,1,0.67
NA,NA,NA,NA,NA
"female",NA,"bq",0.67,1
NA,NA,NA,NA,NA
NA,NA,NA,NA,NA
NA,NA,"cpc",0.67,0.67
NA,NA,NA,NA,NA
NA,NA,NA,NA,NA
NA,NA,NA,NA,NA
NA,NA,NA,NA,NA
NA,NA,NA,NA,NA
NA,NA,NA,NA,NA
"female",NA,"bq",1,1
NA,NA,NA,NA,NA
NA,NA,NA,NA,NA
NA,NA,NA,NA,NA
"male",NA,"bq",0.67,0.67
NA,NA,NA,NA,NA
"female",NA,"lpc",0.67,0.67
NA,NA,NA,NA,NA
NA,NA,"bq",1,0.33
NA,NA,NA,NA,NA
"male",NA,NA,1,1
NA,NA,NA,NA,NA
NA,NA,NA,NA,1
"male",NA,"bq",1,1
"male",NA,NA,1,1
NA,NA,NA,NA,NA
"male",NA,"lpc",1,0.33
"male",NA,NA,1,1
NA,NA,NA,NA,NA
NA,NA,NA,NA,NA
NA,NA,NA,NA,NA
NA,NA,NA,NA,NA
NA,NA,NA,NA,NA
"male",NA,"lpc",1,0.67
NA,NA,NA,NA,NA
NA,NA,NA,NA,NA
"male",NA,NA,1,1
"male",NA,"bq",1,1
NA,NA,NA,NA,NA
NA,NA,NA,NA,NA
"female",NA,"lpc",0.67,1
NA,NA,NA,NA,NA
NA,NA,NA,NA,NA
NA,NA,"lpc",1,1
"female",NA,"bq",0.67,1
NA,NA,NA,0.67,1
"male",NA,NA,1,0.67
NA,NA,NA,NA,NA
"male",NA,NA,1,1
NA,NA,NA,1,0
"male",NA,"bq",1,0.33
"male",NA,"lpc",1,1
NA,NA,NA,1,0.33
NA,NA,NA,NA,NA
"male",NA,"cpc",1,0.67
NA,NA,NA,NA,NA
NA,NA,NA,NA,NA
"male",NA,"bq",1,0.33
NA,NA,NA,NA,NA
"male",NA,NA,NA,NA
NA,NA,NA,NA,NA
NA,NA,NA,NA,NA
NA,NA,NA,NA,NA
NA,NA,NA,NA,NA
NA,NA,NA,NA,NA
"male",NA,"bq",1,1
"female",NA,NA,0.67,0.67
NA,NA,NA,NA,NA
NA,NA,"lpc",1,1
"male",NA,"cpc",1,0.67
"male",NA,"bq",1,1
NA,NA,NA,1,1
NA,NA,"bq",1,0.67
"male",NA,NA,1,0.67
"male",NA,NA,1,0.67
NA,NA,NA,NA,NA
"male",NA,"ndp",1,0.67
NA,NA,NA,NA,NA
NA,NA,NA,NA,NA
NA,NA,NA,NA,NA
NA,NA,NA,NA,NA
"male",NA,NA,1,1
"female",NA,"bq",0.67,0.67
"female",NA,"bq",1,1
NA,NA,NA,NA,NA
"female",NA,"lpc",1,1
NA,NA,NA,NA,NA
NA,NA,NA,NA,NA
"male",NA,"bq",0.67,0.67
NA,NA,NA,NA,NA
NA,NA,NA,NA,NA
NA,NA,NA,NA,NA
"male",NA,"bq",1,0.33
NA,NA,NA,NA,NA
"male",NA,NA,1,0
NA,NA,NA,NA,NA
NA,NA,NA,NA,NA
NA,NA,NA,NA,NA
"male",NA,"cpc",1,1
NA,NA,NA,NA,NA
NA,NA,NA,NA,NA
"female",NA,"bq",1,0.67
NA,NA,NA,NA,NA
NA,NA,NA,NA,NA
NA,NA,NA,NA,NA
NA,NA,"bq",1,1
NA,NA,NA,NA,NA
"male",NA,NA,0,NA
NA,NA,NA,NA,NA
NA,NA,NA,1,0.67
NA,NA,NA,NA,NA
"male",NA,NA,1,0.33
NA,NA,NA,1,1
NA,NA,NA,0.67,1
"male",NA,NA,1,1
NA,NA,NA,NA,0.33
"male",NA,"bq",1,0
NA,NA,NA,NA,NA
"male",NA,NA,1,0.33
NA,NA,NA,NA,NA
"male",NA,"bq",1,1
"male",NA,NA,1,0.67
NA,NA,NA,NA,NA
NA,NA,NA,NA,NA
"male",NA,"bq",0.67,1
NA,NA,NA,NA,NA
NA,NA,NA,NA,NA
NA,NA,NA,NA,NA
NA,NA,NA,NA,NA
"male",NA,"ndp",1,0.67
NA,NA,NA,NA,NA
NA,NA,NA,NA,NA
NA,NA,NA,NA,NA
NA,NA,"lpc",1,0.33
"female",NA,NA,1,0.67
NA,NA,NA,NA,NA
NA,NA,"cpc",1,0.67
"male",NA,"bq",1,1
"male",NA,"cpc",1,0.33
NA,NA,NA,NA,NA
"male",NA,NA,1,1
"female",NA,"bq",1,0.33
NA,NA,NA,1,0.67
NA,NA,"ndp",0.33,0.33
"male",NA,NA,1,1
"female",NA,"bq",0,1
NA,NA,NA,NA,NA
NA,NA,NA,NA,NA
NA,NA,NA,NA,NA
"male",NA,"bq",1,1
NA,NA,NA,NA,NA
NA,NA,"bq",0.67,0.67
NA,NA,NA,NA,NA
NA,NA,NA,NA,NA
"male",NA,"bq",1,1
NA,NA,NA,NA,NA
"male",NA,"bq",1,0.67
"female",NA,"lpc",1,0.67
NA,NA,NA,NA,NA
"male",NA,"bq",0.67,0.33
"male",NA,"bq",1,1
"female",NA,"bq",0.67,1
"male",NA,"bq",1,0.67
NA,NA,NA,NA,NA
NA,NA,NA,NA,NA
"male",NA,"cpc",1,0.33
"female",NA,"bq",1,1
"male",NA,NA,0.67,0.33
NA,NA,NA,NA,NA
NA,NA,NA,NA,NA
"male",NA,NA,1,0.67
NA,NA,NA,NA,NA
NA,NA,NA,NA,NA
NA,NA,NA,NA,NA
NA,NA,NA,NA,NA
NA,NA,NA,NA,NA
NA,NA,"lpc",1,0.67
NA,NA,"bq",1,1
NA,NA,NA,1,1
NA,NA,NA,NA,NA
NA,NA,NA,NA,NA
NA,NA,NA,NA,NA
"male",NA,"bq",1,1
"male",NA,"bq",0.67,1
NA,NA,NA,NA,NA
NA,NA,"bq",1,0.67
"male",NA,"bq",1,0.67
NA,NA,NA,NA,NA
"male",NA,NA,1,0.67
"male",NA,"lpc",0.67,1
NA,NA,NA,NA,NA
NA,NA,NA,NA,NA
NA,NA,"bq",1,0.33
"male",NA,"bq",0.67,1
NA,NA,NA,NA,NA
NA,NA,"bq",0,1
"male",NA,"bq",1,0.67
NA,NA,NA,NA,NA
NA,NA,"bq",1,1
NA,NA,NA,NA,NA
NA,NA,NA,NA,NA
NA,NA,NA,NA,NA
NA,NA,NA,1,1
NA,NA,NA,NA,NA
NA,NA,NA,NA,NA
NA,NA,NA,NA,NA
"male",NA,"bq",1,1
"male",NA,"lpc",1,0.67
"female",NA,"lpc",1,1
"male",NA,"lpc",1,1
NA,NA,NA,NA,NA
"male",NA,"bq",1,1
"female",NA,"cpc",1,0.33
"male",NA,NA,1,1
"female",NA,NA,0,1
NA,NA,NA,NA,NA
NA,NA,NA,NA,NA
NA,NA,NA,1,1
"male",NA,"lpc",1,1
NA,NA,NA,NA,NA
"male",NA,"bq",1,0.67
NA,NA,NA,NA,NA
"male",NA,"bq",1,0.67
"female",NA,"bq",1,0
NA,NA,NA,NA,NA
NA,NA,NA,NA,NA
NA,NA,NA,NA,NA
"female",NA,NA,1,0.67
"female",NA,"bq",1,1
NA,NA,NA,NA,NA
"male",NA,NA,1,1
"male",NA,"cpc",1,1
"male",NA,"lpc",1,0.33
NA,NA,NA,NA,NA
NA,NA,NA,NA,NA
NA,NA,NA,NA,NA
"female",NA,"lpc",1,0.67
NA,NA,NA,NA,NA
"female",NA,"lpc",1,1
NA,NA,NA,NA,NA
NA,NA,NA,NA,NA
NA,NA,NA,NA,NA
NA,NA,NA,NA,NA
"female",NA,"rpc",1,1
NA,NA,NA,NA,NA
"female",NA,"lpc",1,1
NA,NA,NA,NA,NA
"female",NA,"cpc",1,1
NA,NA,"ndp",1,1
NA,NA,NA,NA,NA
NA,NA,NA,NA,NA
"female",NA,NA,1,1
NA,NA,NA,NA,NA
NA,NA,NA,NA,NA
"female",NA,NA,1,0.33
NA,NA,NA,NA,NA
NA,NA,"cpc",0.33,0.33
NA,NA,NA,NA,NA
"female",NA,NA,1,1
"female",NA,"cpc",1,0.33
"male",NA,NA,1,1
"female",NA,NA,1,0.33
"female",NA,"cpc",1,0.67
"female",NA,"lpc",1,0.33
NA,NA,NA,NA,NA
"female",NA,"cpc",0.67,1
"female",NA,"rpc",1,0.67
"female",NA,NA,1,1
"female",NA,"lpc",1,0.33
"female",NA,"lpc",1,0
"female",NA,"rpc",1,1
NA,NA,NA,NA,NA
NA,NA,NA,NA,NA
"male",NA,"lpc",1,0.67
NA,NA,NA,NA,NA
NA,NA,NA,NA,NA
"female",NA,"lpc",1,1
NA,NA,NA,NA,NA
"female",NA,"lpc",1,0.67
NA,NA,NA,NA,NA
NA,NA,NA,NA,NA
"female",NA,NA,0,0.67
"female",NA,"rpc",1,1
NA,NA,NA,NA,NA
"female",NA,"lpc",1,1
NA,NA,NA,NA,NA
NA,NA,NA,NA,NA
"female",NA,NA,1,1
NA,NA,NA,NA,NA
NA,NA,NA,NA,NA
NA,NA,NA,NA,NA
NA,NA,NA,NA,NA
"female",NA,NA,1,1
"female",NA,"cpc",1,0.33
"female",NA,"rpc",1,0.33
NA,NA,NA,NA,NA
NA,NA,NA,NA,NA
NA,NA,NA,NA,NA
NA,NA,NA,1,0.67
NA,NA,NA,NA,NA
NA,NA,NA,NA,NA
"female",NA,NA,1,1
"female",NA,"lpc",1,0.33
"female",NA,"rpc",1,0.67
NA,NA,NA,NA,NA
NA,NA,NA,NA,NA
"female",NA,NA,1,0.67
NA,NA,NA,NA,NA
NA,NA,NA,NA,NA
"male",NA,"lpc",1,1
"female",NA,"lpc",0.67,1
NA,NA,"lpc",1,0.67
NA,NA,NA,NA,NA
NA,NA,NA,NA,NA
NA,NA,NA,NA,NA
NA,NA,NA,NA,NA
"female",NA,NA,0.67,0.67
NA,NA,NA,NA,NA
"female",NA,NA,0,0.67
"female",NA,"rpc",1,0.33
"female",NA,"ndp",0.33,0.67
"female",NA,"cpc",1,0.67
"female",NA,"rpc",1,0.67
"female",NA,NA,1,NA
NA,NA,NA,NA,NA
NA,NA,NA,NA,NA
"female",NA,"cpc",1,0.33
"male",NA,"lpc",1,1
"male",NA,NA,1,1
"female",NA,"cpc",1,0.33
"female",NA,"lpc",1,1
"female",NA,NA,0.67,1
"female",NA,"cpc",1,0.67
NA,NA,NA,NA,NA
"female",NA,"lpc",1,0.67
"female",NA,"cpc",1,0.33
"female",NA,"lpc",1,0.67
"female",NA,NA,1,0.67
"female",NA,NA,0.33,0.67
"female",NA,"lpc",1,0
NA,NA,NA,NA,NA
NA,NA,NA,NA,NA
NA,NA,NA,NA,NA
"male",NA,"lpc",1,1
"female",NA,"lpc",1,0.33
NA,NA,NA,NA,NA
"male",NA,NA,1,0
NA,NA,NA,NA,NA
"female",NA,"rpc",1,1
"female",NA,"rpc",1,1
NA,NA,NA,NA,NA
"female",NA,"lpc",1,0.67
NA,NA,"lpc",0.67,1
NA,NA,NA,NA,NA
NA,NA,NA,NA,NA
NA,NA,NA,NA,NA
"female",NA,NA,1,0.67
NA,NA,NA,NA,NA
NA,NA,NA,NA,NA
NA,NA,NA,1,1
"female",NA,NA,1,NA
"female",NA,"lpc",1,1
"female",NA,NA,1,1
NA,NA,NA,NA,NA
"male",NA,"lpc",1,1
NA,NA,NA,NA,NA
"female",NA,"rpc",0,0.67
"female",NA,NA,1,0.67
NA,NA,NA,NA,NA
"female",NA,NA,1,0.67
NA,NA,NA,NA,NA
"female",NA,NA,0.33,1
"female",NA,NA,1,1
NA,NA,NA,NA,NA
"female",NA,"ndp",0.33,1
NA,NA,NA,NA,NA
NA,NA,NA,1,0.33
NA,NA,NA,NA,NA
NA,NA,NA,NA,NA
NA,NA,NA,NA,NA
NA,NA,NA,NA,NA
NA,NA,NA,NA,NA
NA,NA,NA,NA,NA
"female",NA,"lpc",1,1
NA,NA,NA,NA,NA
NA,NA,NA,NA,NA
NA,NA,NA,NA,NA
NA,NA,NA,NA,NA
NA,NA,NA,NA,NA
"female",NA,"lpc",1,0.67
NA,NA,NA,NA,NA
"male",NA,"lpc",1,0.67
"male",NA,"lpc",1,0.67
"female",NA,NA,1,1
NA,NA,NA,1,1
"female",NA,"rpc",1,1
"female",NA,"lpc",1,1
"female",NA,"lpc",0.67,1
NA,NA,NA,NA,NA
"female",NA,"lpc",1,1
"female",NA,NA,1,0.67
NA,NA,NA,NA,NA
"male",NA,"cpc",1,0.67
NA,NA,NA,NA,NA
"female",NA,"lpc",1,0.33
"female",NA,"lpc",1,1
"female",NA,NA,0,1
"female",NA,"cpc",0.67,1
NA,NA,NA,NA,NA
"male",NA,"lpc",0.67,1
"female",NA,"lpc",1,0.33
NA,NA,NA,NA,NA
NA,NA,NA,NA,NA
"female",NA,"rpc",1,1
"female",NA,"cpc",1,0
"male",NA,"lpc",0,NA
"female",NA,NA,1,1
"female",NA,NA,1,0.33
NA,NA,NA,NA,NA
NA,NA,NA,NA,NA
"female",NA,"lpc",0.67,1
"female",NA,"lpc",1,0.67
NA,NA,"cpc",1,1
"female",NA,"lpc",1,1
"female",NA,"cpc",1,1
NA,NA,NA,NA,NA
"female",NA,"lpc",NA,1
NA,NA,NA,NA,NA
NA,NA,NA,0.67,0.67
NA,NA,NA,NA,NA
NA,NA,NA,NA,NA
NA,NA,NA,NA,NA
"female",NA,NA,1,1
"female",NA,"ndp",1,1
NA,NA,"rpc",0,1
"female",NA,NA,0.67,0.67
"female",NA,"cpc",1,0.33
"female",NA,"lpc",1,1
NA,NA,NA,NA,NA
NA,NA,NA,NA,NA
"female",NA,NA,1,0.67
"female",NA,"lpc",1,0.67
"female",NA,NA,1,1
"female",NA,"rpc",1,0.67
"female",NA,"cpc",1,0.67
NA,NA,NA,NA,NA
"female",NA,"rpc",0.67,1
"female",NA,"lpc",1,1
NA,NA,NA,NA,NA
NA,NA,NA,NA,NA
"female",NA,"lpc",0.67,0.67
"female",NA,"cpc",1,1
"male",NA,"lpc",1,1
NA,NA,NA,NA,NA
"female",NA,NA,1,1
NA,NA,NA,NA,NA
"female",NA,"rpc",1,1
"female",NA,"rpc",0.67,0.67
"female",NA,"lpc",1,0
NA,NA,"lpc",1,0.33
"female",NA,"lpc",1,1
NA,NA,NA,NA,NA
NA,NA,NA,NA,NA
"female",NA,"lpc",1,1
NA,NA,NA,NA,NA
"female",NA,"rpc",1,0.67
"male",NA,"lpc",1,1
"female",NA,NA,1,1
NA,NA,NA,NA,NA
"female",NA,"lpc",1,1
NA,NA,NA,NA,NA
"female",NA,NA,1,1
"female",NA,"cpc",1,0
NA,NA,NA,NA,NA
NA,NA,NA,NA,NA
"female",NA,"cpc",1,0.33
"female",NA,"rpc",1,0.33
"female",NA,"cpc",1,0
"female",NA,"ndp",1,1
"female",NA,"rpc",1,0.67
"female",NA,NA,0.33,1
NA,NA,NA,NA,NA
NA,NA,NA,NA,NA
NA,NA,NA,NA,NA
"female",NA,NA,1,1
"female",NA,"cpc",1,0.67
"male",NA,"lpc",1,0.67
NA,NA,NA,NA,NA
NA,NA,NA,NA,NA
NA,NA,NA,NA,NA
NA,NA,NA,NA,NA
NA,NA,NA,NA,NA
"female",NA,"rpc",1,1
"female",NA,"lpc",1,1
NA,NA,NA,NA,NA
NA,NA,"lpc",1,0.33
NA,NA,NA,NA,NA
"female",NA,NA,0.67,0.33
NA,NA,NA,NA,NA
"male",NA,"lpc",1,0.33
NA,NA,NA,NA,NA
"female",NA,NA,1,0
"female",NA,"lpc",1,1
"female",NA,NA,1,0.67
"female",NA,NA,0.67,1
NA,NA,NA,NA,NA
NA,NA,NA,NA,NA
"female",NA,"ndp",1,0.67
"female",NA,"cpc",1,0.33
NA,NA,NA,NA,NA
"female",NA,"cpc",1,0.33
"female",NA,"rpc",1,1
"female",NA,"rpc",1,0.33
"female",NA,"cpc",1,0
"female",NA,NA,0,1
"female",NA,"lpc",1,1
NA,NA,NA,NA,NA
"female",NA,"lpc",1,1
NA,NA,NA,NA,NA
"female",NA,"cpc",1,1
NA,NA,NA,NA,NA
"female",NA,"lpc",1,1
NA,NA,"cpc",1,0.33
NA,NA,NA,NA,NA
"female",NA,NA,1,0.33
NA,NA,NA,NA,NA
"male",NA,"lpc",1,1
NA,NA,NA,NA,NA
"female",NA,"cpc",1,1
NA,NA,NA,NA,NA
"male",NA,"lpc",1,1
"female",NA,NA,1,1
"female",NA,"cpc",0.67,0.33
NA,NA,NA,NA,NA
NA,NA,NA,NA,NA
"female",NA,"cpc",1,0.33
NA,NA,NA,NA,NA
NA,NA,NA,NA,NA
NA,NA,NA,NA,NA
"female",NA,"lpc",1,0.33
NA,NA,NA,NA,NA
NA,NA,NA,NA,NA
"female",NA,"lpc",1,1
NA,NA,NA,NA,NA
NA,NA,NA,NA,NA
"female",NA,"rpc",1,1
NA,NA,NA,NA,NA
NA,NA,"ndp",1,0.67
"female",NA,NA,1,1
"female",NA,"cpc",0,0
"female",NA,"cpc",1,0.67
NA,NA,"rpc",0.67,1
"female",NA,NA,1,1
"female",NA,"cpc",1,0.33
NA,NA,NA,NA,NA
"female",NA,NA,1,1
NA,NA,NA,NA,NA
NA,NA,NA,NA,NA
"male",NA,NA,1,0
NA,NA,NA,NA,NA
"female",NA,"lpc",1,0.67
"male",NA,"cpc",1,1
"female",NA,NA,0.33,0.67
NA,NA,NA,NA,NA
NA,NA,NA,NA,NA
NA,NA,NA,NA,NA
NA,NA,NA,NA,NA
"female",NA,"cpc",1,0
"female",NA,"cpc",1,1
NA,NA,NA,NA,NA
"female",NA,"lpc",1,1
NA,NA,NA,NA,NA
"female",NA,"lpc",1,1
"female",NA,"cpc",1,0
NA,NA,NA,NA,NA
NA,NA,NA,NA,NA
"female",NA,NA,NA,0.33
NA,NA,NA,NA,NA
"female",NA,NA,1,0.67
NA,NA,NA,NA,NA
NA,NA,NA,NA,NA
"female",NA,NA,1,1
NA,NA,"cpc",1,1
"female",NA,"lpc",1,0.33
NA,NA,NA,NA,NA
"female",NA,"lpc",1,1
NA,NA,NA,NA,NA
NA,NA,NA,NA,NA
"female",NA,"ndp",1,1
"female",NA,NA,1,0.33
"female",NA,NA,1,1
NA,NA,NA,NA,NA
NA,NA,NA,NA,NA
"female",NA,"rpc",0.33,1
"female",NA,"cpc",1,1
NA,NA,NA,0.67,0.67
NA,NA,NA,NA,NA
NA,NA,NA,NA,NA
NA,NA,NA,1,0.33
"female",NA,"lpc",1,1
NA,NA,NA,NA,NA
NA,NA,NA,NA,NA
"female",NA,"lpc",1,1
NA,NA,NA,NA,NA
NA,NA,NA,NA,NA
"female",NA,"ndp",1,0.67
"female",NA,"lpc",1,0
NA,NA,NA,NA,NA
NA,NA,"lpc",1,1
"female",NA,NA,1,1
NA,NA,NA,NA,NA
NA,NA,NA,NA,NA
NA,NA,NA,NA,NA
"female",NA,"cpc",1,1
"female",NA,"cpc",1,0.33
"male",NA,NA,1,1
NA,NA,NA,NA,NA
"female",NA,NA,0.67,0.33
NA,NA,NA,NA,NA
"female",NA,"lpc",1,1
NA,NA,NA,NA,NA
"female",NA,"rpc",1,1
"female",NA,"cpc",1,0.67
"female",NA,"lpc",0.67,1
NA,NA,NA,NA,NA
NA,NA,NA,NA,NA
NA,NA,"lpc",0.67,0.67
"female",NA,NA,1,0
NA,NA,"cpc",1,0.67
"female",NA,NA,1,1
NA,NA,NA,NA,NA
NA,NA,NA,NA,NA
"female",NA,"lpc",1,1
NA,NA,NA,NA,NA
"female",NA,"cpc",1,0.33
NA,NA,NA,NA,NA
NA,NA,NA,NA,NA
"female",NA,NA,1,1
NA,NA,NA,NA,NA
"female",NA,"rpc",1,0.67
NA,NA,NA,NA,NA
NA,NA,NA,NA,NA
"female",NA,"cpc",1,0.67
NA,NA,NA,NA,NA
"male",NA,NA,1,0.33
NA,NA,NA,NA,NA
NA,NA,NA,NA,NA
"female",NA,NA,1,1
NA,NA,NA,NA,NA
"female",NA,"cpc",1,0.33
"female",NA,NA,1,0.67
"male",NA,"lpc",1,0.67
NA,NA,NA,NA,NA
NA,NA,NA,NA,NA
NA,NA,NA,NA,NA
"female",NA,"ndp",1,1
"female",NA,"cpc",1,0.67
NA,NA,"cpc",1,1
NA,NA,NA,NA,NA
NA,NA,NA,NA,NA
NA,NA,NA,NA,NA
NA,NA,NA,NA,NA
NA,NA,NA,NA,NA
"female",NA,"cpc",0.67,0.67
NA,NA,"cpc",1,0.67
NA,NA,NA,NA,NA
NA,NA,NA,NA,NA
NA,NA,NA,NA,NA
NA,NA,NA,NA,NA
NA,NA,NA,NA,NA
"female",NA,"rpc",1,1
"female",NA,"rpc",1,1
NA,NA,NA,NA,NA
NA,NA,NA,NA,NA
NA,NA,NA,NA,NA
NA,NA,NA,NA,NA
NA,NA,NA,1,0.67
"male",NA,"lpc",1,0.33
"female",NA,"lpc",0.67,0.67
"female",NA,"lpc",1,0
"male",NA,NA,1,0.67
"female",NA,"lpc",0.67,1
"female",NA,"rpc",1,0.33
NA,NA,NA,NA,NA
"female",NA,"lpc",1,1
NA,NA,NA,NA,NA
"female",NA,NA,0.67,1
"female",NA,"cpc",1,1
"female",NA,"lpc",1,0.67
NA,NA,NA,NA,NA
NA,NA,NA,NA,NA
NA,NA,NA,NA,NA
"female",NA,"lpc",1,1
NA,NA,NA,NA,NA
"female",NA,"cpc",1,0.33
"female",NA,NA,1,0.67
"female",NA,"cpc",1,0.67
NA,NA,NA,NA,NA
"male",NA,NA,1,1
NA,NA,NA,1,0.33
"female",NA,"lpc",1,0.67
NA,NA,NA,NA,NA
"female",NA,"lpc",1,1
"male",NA,"rpc",1,0.67
NA,NA,NA,NA,NA
NA,NA,NA,NA,NA
"female",NA,"cpc",0.33,1
NA,NA,NA,NA,NA
NA,NA,NA,NA,NA
NA,NA,NA,NA,NA
NA,NA,NA,NA,NA
"female",NA,NA,0.67,0.67
"female",NA,"rpc",1,1
"female",NA,NA,0.67,1
"male",NA,NA,1,NA
"female",NA,"cpc",1,1
NA,NA,NA,NA,NA
NA,NA,NA,NA,NA
"female",NA,NA,1,0.67
NA,NA,NA,NA,NA
"female",NA,"lpc",1,1
NA,NA,NA,NA,NA
"female",NA,NA,1,0.67
NA,NA,NA,NA,NA
NA,NA,NA,NA,NA
"female",NA,"lpc",1,0.33
"male",NA,"lpc",1,1
"female",NA,"lpc",1,0.67
NA,NA,NA,NA,NA
"female",NA,"ndp",1,0.33
NA,NA,NA,NA,NA
"female",NA,"rpc",1,0.33
"male",NA,"lpc",1,0.67
"male",NA,"lpc",1,0.67
"female",NA,"cpc",0.33,1
NA,NA,NA,NA,NA
NA,NA,NA,NA,NA
"female",NA,"lpc",1,1
NA,NA,NA,NA,NA
NA,NA,NA,NA,NA
NA,NA,NA,NA,NA
NA,NA,NA,NA,NA
NA,NA,NA,NA,NA
"female",NA,NA,0.67,0.67
"female",NA,"ndp",0.67,1
NA,NA,NA,NA,NA
"male",NA,"lpc",1,0.67
NA,NA,NA,NA,NA
"female",NA,"rpc",1,1
"female",NA,"lpc",0.67,1
"male",NA,"cpc",1,0.33
NA,NA,NA,NA,NA
NA,NA,NA,NA,NA
NA,NA,NA,NA,NA
"female",NA,"cpc",1,0.67
"female",NA,NA,1,0.33
"female",NA,"cpc",1,1
"male",NA,"lpc",1,1
NA,NA,NA,NA,NA
"female",NA,"rpc",1,0.33
NA,NA,NA,NA,NA
"female",NA,"lpc",1,0.67
"female",NA,"lpc",1,0.33
"female",NA,"lpc",1,1
NA,NA,NA,NA,NA
"female",NA,"lpc",0.67,1
"female",NA,"ndp",0.67,0.33
NA,NA,NA,NA,NA
"female",NA,"lpc",1,1
"female",NA,"cpc",1,0.67
"female",NA,"rpc",1,1
"female",NA,NA,1,0.67
"female",NA,"cpc",1,0.33
NA,NA,NA,NA,NA
"female",NA,"cpc",1,0
"female",NA,"lpc",1,1
"male",NA,"cpc",1,1
"male",NA,"lpc",1,1
NA,NA,NA,NA,NA
"female",NA,NA,1,1
NA,NA,"cpc",1,0.33
NA,NA,NA,NA,NA
"male",NA,"lpc",1,1
"female",NA,NA,NA,1
"female",NA,NA,0,0.67
"female",NA,"lpc",1,1
"female",NA,NA,1,0.33
"female",NA,NA,1,1
NA,NA,NA,NA,NA
"female",NA,"rpc",1,1
NA,NA,"cpc",1,0
NA,NA,"ndp",0.33,1
"female",NA,"cpc",0,0
"female",NA,NA,NA,1
"female",NA,"lpc",0.67,1
"female",NA,"cpc",1,1
NA,NA,NA,NA,NA
NA,NA,NA,NA,NA
NA,NA,NA,NA,NA
"male",NA,NA,0.67,1
NA,NA,NA,NA,NA
NA,NA,NA,1,NA
"female",NA,"lpc",1,1
"female",NA,"cpc",1,0
"female",NA,"rpc",1,0.33
"female",NA,"lpc",1,1
"female",NA,"lpc",1,1
"female",NA,"rpc",1,1
NA,NA,NA,NA,NA
"male",NA,"lpc",1,0.67
"female",NA,"lpc",0,0.67
NA,NA,NA,NA,NA
"male",NA,"cpc",1,1
NA,NA,NA,NA,NA
NA,NA,NA,NA,NA
"male",NA,"lpc",0,1
"female",NA,"cpc",1,0.67
NA,NA,NA,NA,NA
"female",NA,"ndp",1,0.67
NA,NA,NA,NA,NA
"female",NA,"cpc",1,0.33
"female",NA,"rpc",1,1
"male",NA,"rpc",1,0.33
"female",NA,NA,1,0.33
NA,NA,NA,NA,NA
NA,NA,NA,NA,NA
"female",NA,NA,1,0.33
"female",NA,NA,0.33,0.33
"female",NA,"lpc",1,0.67
"female",NA,NA,0.33,1
"female",NA,"cpc",1,0.67
"male",NA,NA,1,1
"female",NA,NA,1,1
NA,NA,"ndp",1,1
NA,NA,NA,1,0.33
"female",NA,"lpc",1,0.67
"female",NA,NA,0.33,1
"female",NA,"lpc",1,0.33
NA,NA,NA,NA,NA
"female",NA,"lpc",1,0
NA,NA,NA,NA,NA
"female",NA,"lpc",1,1
NA,NA,NA,NA,NA
"female",NA,"rpc",1,0.67
"female",NA,"ndp",1,1
NA,NA,NA,NA,NA
NA,NA,NA,NA,NA
"male",NA,"cpc",1,0.33
"female",NA,NA,1,1
NA,NA,"lpc",1,1
"male",NA,"cpc",1,1
NA,NA,NA,NA,NA
NA,NA,NA,NA,NA
"female",NA,"ndp",1,0.67
NA,NA,NA,NA,NA
"male",NA,"rpc",1,0.67
"female",NA,"ndp",1,1
"male",NA,"lpc",1,1
NA,NA,NA,NA,NA
"female",NA,"ndp",1,0.67
"female",NA,"ndp",1,1
"female",NA,"lpc",1,1
"female",NA,"lpc",0.67,0.67
NA,NA,NA,NA,NA
"female",NA,NA,1,1
"female",NA,"lpc",1,0.67
NA,NA,NA,NA,NA
NA,NA,NA,NA,NA
"female",NA,"rpc",1,0.67
"female",NA,NA,1,0.33
"male",NA,"ndp",1,NA
"female",NA,"rpc",1,0
NA,NA,NA,NA,NA
"female",NA,NA,0.67,0.67
NA,NA,NA,NA,NA
"female",NA,"ndp",1,0.67
"female",NA,"lpc",1,0.33
"female",NA,"lpc",1,1
NA,NA,NA,NA,NA
NA,NA,NA,NA,NA
NA,NA,NA,NA,NA
NA,NA,NA,NA,NA
NA,NA,NA,NA,NA
NA,NA,NA,NA,NA
NA,NA,NA,NA,NA
NA,NA,"ndp",1,1
"female",NA,"rpc",1,1
NA,NA,NA,1,0.33
"female",NA,"cpc",1,0.67
NA,NA,NA,NA,NA
NA,NA,NA,NA,NA
NA,NA,NA,1,0.67
"female",NA,"rpc",1,0.33
NA,NA,NA,NA,NA
"female",NA,NA,1,1
NA,NA,NA,NA,NA
"male",NA,NA,0.67,0.33
NA,NA,NA,NA,NA
"female",NA,NA,1,0.33
"female",NA,NA,1,0.67
"female",NA,"lpc",1,0.67
"female",NA,NA,1,1
"female",NA,"rpc",1,1
NA,NA,NA,NA,NA
"female",NA,NA,1,0.67
"female",NA,"rpc",0.67,1
"female",NA,"lpc",1,0.67
"female",NA,"cpc",1,0.67
"female",NA,"lpc",1,1
"female",NA,"rpc",1,1
"female",NA,"lpc",1,0
NA,NA,NA,NA,NA
"male",NA,"ndp",1,0.67
NA,NA,NA,NA,NA
NA,NA,NA,NA,NA
NA,NA,NA,NA,NA
"male",NA,"cpc",1,0.67
"female",NA,"rpc",0.67,0.33
NA,NA,NA,NA,NA
NA,NA,NA,NA,NA
NA,NA,"rpc",1,1
NA,NA,NA,NA,NA
"male",NA,"rpc",1,0.33
NA,NA,NA,NA,NA
NA,NA,NA,1,1
"female",NA,"rpc",NA,1
"male",NA,NA,1,0.67
"female",NA,NA,1,0.67
"male",NA,"lpc",1,0.67
"female",NA,"lpc",1,0
"female",NA,"lpc",1,0.67
"female",NA,NA,1,NA
NA,NA,NA,NA,NA
NA,NA,NA,NA,NA
"female",NA,"lpc",1,1
"female",NA,"ndp",1,1
NA,NA,NA,NA,NA
NA,NA,NA,NA,NA
"female",NA,"rpc",1,1
"female",NA,"ndp",0.67,0.67
NA,NA,NA,NA,NA
"female",NA,NA,1,0
NA,NA,NA,NA,NA
NA,NA,"ndp",1,1
"female",NA,NA,1,0.67
"female",NA,"ndp",1,0.67
NA,NA,NA,NA,NA
"male",NA,"lpc",1,0.33
"female",NA,"lpc",1,1
NA,NA,NA,NA,NA
"female",NA,"cpc",1,0.33
NA,NA,NA,NA,NA
"female",NA,"ndp",1,1
NA,NA,NA,NA,NA
"female",NA,NA,1,1
"female",NA,"cpc",1,0
"female",NA,"ndp",1,1
"female",NA,"rpc",1,1
"female",NA,NA,1,1
NA,NA,NA,NA,NA
NA,NA,NA,NA,NA
"female",NA,"lpc",1,1
"female",NA,"rpc",1,0.33
NA,NA,NA,NA,NA
"female",NA,"cpc",1,1
NA,NA,NA,1,0.33
"female",NA,"lpc",1,0.67
NA,NA,NA,NA,NA
NA,NA,NA,NA,NA
NA,NA,NA,NA,NA
NA,NA,NA,NA,NA
NA,NA,NA,NA,NA
"male",NA,NA,1,0.67
NA,NA,NA,NA,NA
NA,NA,NA,NA,NA
"female",NA,"cpc",1,0
NA,NA,NA,NA,NA
NA,NA,NA,NA,NA
"female",NA,"cpc",1,0.33
"male",NA,NA,1,1
"female",NA,"lpc",1,0.67
NA,NA,NA,NA,NA
"female",NA,NA,1,1
"female",NA,NA,0,1
"male",NA,"cpc",NA,0.33
"female",NA,NA,1,1
"female",NA,"ndp",1,0.67
"female",NA,"lpc",1,0.67
"female",NA,NA,1,1
NA,NA,NA,NA,NA
NA,NA,NA,NA,NA
NA,NA,NA,NA,NA
"female",NA,"rpc",1,1
"male",NA,"cpc",NA,0.67
"female",NA,"cpc",1,0.33
"female",NA,"cpc",1,0.33
NA,NA,"ndp",1,1
NA,NA,NA,NA,NA
NA,NA,NA,NA,NA
"female",NA,NA,1,1
"female",NA,"cpc",1,0.33
NA,NA,NA,NA,NA
"female",NA,"rpc",1,1
"male",NA,"cpc",1,0.33
"female",NA,"rpc",1,0
NA,NA,"lpc",1,0.67
"female",NA,NA,0.67,1
NA,NA,NA,NA,NA
"female",NA,"cpc",1,0
"female",NA,"rpc",1,0.33
"female",NA,"cpc",1,0.67
"female",NA,NA,1,1
NA,NA,NA,1,1
NA,NA,NA,NA,NA
NA,NA,NA,1,0.67
"female",NA,"rpc",1,1
"female",NA,"cpc",1,1
"male",NA,"lpc",1,1
"female",NA,NA,1,0
NA,NA,"lpc",1,0.67
"female",NA,"lpc",1,0.33
"female",NA,NA,1,1
NA,NA,NA,NA,NA
NA,NA,NA,NA,NA
NA,NA,NA,NA,NA
NA,NA,NA,NA,NA
NA,NA,NA,NA,NA
"male",NA,NA,1,1
"female",NA,"lpc",0,1
NA,NA,NA,NA,NA
"male",NA,"rpc",1,0.67
NA,NA,NA,NA,NA
"male",NA,NA,1,0.67
"female",NA,"lpc",1,0.33
NA,NA,NA,NA,NA
"female",NA,"lpc",1,0.67
"female",NA,"cpc",1,0.67
NA,NA,NA,0.67,1
NA,NA,NA,NA,NA
NA,NA,NA,NA,NA
NA,NA,"lpc",1,0.33
"female",NA,"cpc",1,0
"male",NA,"lpc",1,0.67
"male",NA,NA,0.67,1
NA,NA,NA,NA,NA
NA,NA,NA,NA,NA
"female",NA,"lpc",1,0.67
NA,NA,NA,NA,NA
"female",NA,NA,1,1
NA,NA,NA,NA,NA
NA,NA,NA,NA,NA
"female",NA,"rpc",1,1
"female",NA,"rpc",1,0.33
"female",NA,"lpc",0.33,0.67
NA,NA,NA,NA,NA
NA,NA,NA,NA,NA
"female",NA,NA,0,1
NA,NA,"rpc",1,0.67
NA,NA,NA,NA,NA
"male",NA,"cpc",0.67,0.67
"female",NA,"cpc",1,0.33
NA,NA,NA,NA,NA
"female",NA,"lpc",0.67,1
NA,NA,NA,NA,NA
NA,NA,NA,NA,NA
NA,NA,NA,0,0.67
NA,NA,NA,1,1
"female",NA,NA,1,0.33
"female",NA,NA,1,NA
"female",NA,NA,1,1
"male",NA,"lpc",1,1
NA,NA,NA,0.67,1
"female",NA,NA,0.67,0.67
"female",NA,NA,1,0.67
"female",NA,"lpc",1,0.67
"female",NA,"cpc",1,0.33
"female",NA,"ndp",1,1
"female",NA,NA,1,1
NA,NA,NA,NA,NA
"female",NA,"rpc",1,1
"female",NA,"rpc",1,1
"female",NA,"cpc",1,1
"female",NA,"rpc",1,1
"female",NA,NA,1,1
NA,NA,NA,NA,NA
NA,NA,NA,NA,NA
"female",NA,"lpc",1,0.33
"female",NA,"lpc",1,0.33
"male",NA,NA,1,0.67
NA,NA,NA,NA,NA
NA,NA,NA,NA,NA
NA,NA,NA,NA,NA
NA,NA,NA,NA,NA
NA,NA,NA,NA,NA
NA,NA,NA,NA,NA
"female",NA,"cpc",1,1
NA,NA,NA,NA,NA
NA,NA,NA,NA,NA
"female",NA,"rpc",1,0.67
"female",NA,NA,1,0.67
NA,NA,NA,NA,NA
NA,NA,NA,NA,NA
NA,NA,NA,NA,NA
"female",NA,NA,1,1
"female",NA,NA,1,1
NA,NA,NA,NA,NA
NA,NA,NA,NA,NA
NA,NA,NA,NA,NA
NA,NA,NA,NA,NA
"female",NA,NA,1,0.67
NA,NA,NA,NA,NA
"male",NA,"rpc",1,0.67
NA,NA,NA,NA,NA
"female",NA,"rpc",1,0.33
NA,NA,NA,1,0.67
"male",NA,"rpc",1,1
"female",NA,"lpc",1,1
NA,NA,NA,NA,NA
"female",NA,NA,1,0
"female",NA,NA,1,1
"female",NA,NA,1,0.33
"female",NA,"lpc",1,0
NA,NA,NA,NA,NA
"male",NA,"lpc",1,1
"female",NA,NA,1,1
NA,NA,NA,NA,NA
"female",NA,"lpc",1,0.67
NA,NA,NA,NA,NA
"female",NA,"ndp",1,1
NA,NA,NA,NA,NA
"female",NA,"rpc",1,0.33
"female",NA,"lpc",1,1
"female",NA,NA,1,1
NA,NA,NA,NA,NA
"female",NA,"cpc",1,0.33
NA,NA,NA,NA,NA
NA,NA,NA,NA,NA
"female",NA,"rpc",1,0.33
NA,NA,NA,NA,NA
"female",NA,NA,1,1
"male",NA,"cpc",1,0.33
"female",NA,"cpc",1,0.33
NA,NA,NA,NA,NA
NA,NA,NA,NA,NA
NA,NA,"cpc",0,1
NA,NA,NA,NA,NA
"female",NA,"lpc",1,0.33
"female",NA,"lpc",1,0.33
NA,NA,NA,NA,NA
NA,NA,NA,NA,NA
NA,NA,NA,NA,NA
"female",NA,NA,1,1
"female",NA,NA,1,1
NA,NA,NA,NA,NA
NA,NA,NA,NA,NA
"male",NA,"rpc",0,1
NA,NA,NA,NA,NA
NA,NA,NA,NA,NA
NA,NA,NA,NA,NA
"female",NA,NA,0,1
NA,NA,NA,NA,NA
"female",NA,NA,1,0.33
NA,NA,NA,NA,NA
NA,NA,NA,NA,NA
"female",NA,"cpc",1,0.33
NA,NA,NA,NA,NA
NA,NA,NA,NA,NA
"female",NA,"ndp",1,1
NA,NA,NA,NA,NA
"female",NA,"rpc",1,0.33
NA,NA,NA,NA,NA
"female",NA,"rpc",1,1
NA,NA,"lpc",0,1
"female",NA,"rpc",0.67,0.67
"female",NA,"lpc",1,0.67
"female",NA,"ndp",0.67,0.67
"female",NA,NA,1,1
"female",NA,NA,1,1
NA,NA,NA,NA,NA
NA,NA,"rpc",1,0.67
NA,NA,"cpc",1,0.33
NA,NA,NA,NA,NA
"female",NA,"rpc",1,1
"male",NA,"ndp",1,1
"male",NA,"rpc",1,0.33
NA,NA,"ndp",1,1
"female",NA,"rpc",1,1
NA,NA,"lpc",1,0.67
NA,NA,NA,NA,NA
"female",NA,NA,1,0.33
"female",NA,"lpc",1,0
NA,NA,NA,NA,NA
NA,NA,NA,NA,NA
"male",NA,"rpc",1,1
"male",NA,"cpc",1,0.33
"female",NA,"lpc",1,0.33
NA,NA,NA,NA,NA
NA,NA,NA,NA,NA
NA,NA,NA,NA,NA
NA,NA,NA,NA,NA
NA,NA,NA,NA,NA
"female",NA,"rpc",1,0.33
"male",NA,"lpc",1,0.33
"male",NA,NA,1,0.33
NA,NA,"lpc",1,1
"male",NA,"cpc",1,0.33
"female",NA,"rpc",1,0.33
"female",NA,"lpc",1,0.67
"male",NA,NA,1,1
"female",NA,"lpc",1,1
NA,NA,NA,NA,NA
"female",NA,"ndp",1,0.33
"female",NA,NA,1,0.67
NA,NA,NA,NA,NA
"female",NA,"lpc",1,1
"female",NA,"lpc",0.67,1
"female",NA,"rpc",1,1
"female",NA,NA,0.67,1
NA,NA,NA,NA,NA
NA,NA,NA,NA,NA
"male",NA,"rpc",1,1
NA,NA,NA,NA,NA
"female",NA,NA,1,1
"female",NA,"cpc",1,1
"female",NA,NA,1,1
"female",NA,"lpc",1,0.67
NA,NA,NA,NA,NA
NA,NA,NA,NA,NA
NA,NA,NA,NA,NA
NA,NA,NA,NA,NA
NA,NA,NA,NA,NA
"male",NA,"rpc",1,1
"male",NA,"lpc",1,0.33
NA,NA,"lpc",0.67,1
"female",NA,NA,1,1
"female",NA,NA,1,1
"female",NA,NA,1,1
"female",NA,NA,1,1
NA,NA,"rpc",1,1
"female",NA,"cpc",NA,1
"female",NA,"rpc",1,0.33
"female",NA,"rpc",1,1
"female",NA,NA,0.67,1
NA,NA,NA,NA,NA
"female",NA,"lpc",0,1
"female",NA,"cpc",1,0.67
"female",NA,"rpc",1,0.33
NA,NA,NA,NA,NA
NA,NA,NA,NA,NA
NA,NA,NA,NA,NA
"female",NA,"lpc",1,0.33
"female",NA,"rpc",1,0.67
NA,NA,NA,NA,NA
"male",NA,"lpc",1,0.67
"female",NA,"rpc",1,0.33
"male",NA,NA,1,1
NA,NA,NA,NA,NA
NA,NA,NA,NA,NA
"female",NA,NA,1,0.33
NA,NA,NA,NA,NA
NA,NA,NA,NA,NA
"male",NA,NA,1,1
"female",NA,"lpc",1,1
"female",NA,NA,1,0.33
"female",NA,NA,1,0.33
"female",NA,"ndp",0,1
NA,NA,NA,NA,NA
"female",NA,NA,1,1
"female",NA,"rpc",1,0.67
NA,NA,"lpc",1,NA
NA,NA,NA,NA,NA
NA,NA,"rpc",1,1
"female",NA,"rpc",1,0.67
NA,NA,NA,NA,NA
NA,NA,NA,NA,NA
"female",NA,"lpc",0.67,1
"female",NA,NA,0.67,0.33
NA,NA,NA,NA,NA
"female",NA,"rpc",1,0.67
NA,NA,NA,NA,NA
NA,NA,NA,NA,NA
"female",NA,"lpc",1,1
NA,NA,NA,NA,NA
NA,NA,NA,NA,NA
NA,NA,NA,NA,NA
"female",NA,NA,1,0.67
"female",NA,NA,1,1
"male",NA,"rpc",0,1
"female",NA,"rpc",1,0.67
NA,NA,NA,NA,NA
NA,NA,NA,NA,NA
"female",NA,"cpc",1,0.67
"female",NA,NA,1,0.67
"male",NA,NA,1,1
"female",NA,"rpc",1,1
NA,NA,NA,NA,NA
"female",NA,"cpc",1,0.67
NA,NA,NA,NA,NA
NA,NA,NA,NA,NA
NA,NA,NA,NA,NA
"female",NA,NA,1,1
"female",NA,"cpc",1,0.67
NA,NA,NA,NA,NA
NA,NA,NA,NA,NA
NA,NA,NA,NA,NA
NA,NA,NA,NA,NA
"female",NA,NA,1,0.33
"female",NA,"lpc",1,1
NA,NA,NA,NA,NA
NA,NA,NA,NA,NA
"female",NA,"ndp",1,1
"male",NA,NA,1,0.67
"female",NA,NA,0.33,0.67
NA,NA,NA,NA,NA
NA,NA,NA,NA,NA
NA,NA,NA,NA,NA
"female",NA,"rpc",1,1
"female",NA,"rpc",1,0.67
"female",NA,"rpc",1,0
"female",NA,"rpc",0.67,0.33
"female",NA,"rpc",0.33,1
NA,NA,NA,NA,NA
"female",NA,NA,1,1
"female",NA,"ndp",0.33,0.67
NA,NA,NA,NA,NA
"female",NA,"rpc",1,1
NA,NA,NA,NA,NA
"female",NA,NA,1,0.33
NA,NA,NA,NA,NA
NA,NA,NA,NA,NA
NA,NA,NA,NA,NA
"female",NA,NA,1,1
"female",NA,"rpc",1,0.33
NA,NA,NA,NA,NA
"female",NA,"lpc",0,1
NA,NA,NA,NA,NA
"male",NA,"rpc",1,1
"male",NA,"lpc",1,0.33
"female",NA,"cpc",1,1
NA,NA,"cpc",1,0.67
NA,NA,NA,NA,NA
NA,NA,"lpc",1,0.67
"female",NA,NA,1,1
NA,NA,NA,NA,NA
NA,NA,NA,NA,NA
"female",NA,NA,0.33,0.33
"male",NA,"rpc",1,1
"female",NA,NA,1,0.33
NA,NA,NA,NA,NA
NA,NA,NA,NA,NA
"female",NA,"cpc",0,0.67
"female",NA,"rpc",1,0.67
"female",NA,"rpc",1,1
NA,NA,NA,NA,NA
"female",NA,"lpc",1,0.33
"female",NA,"lpc",1,0.33
NA,NA,NA,NA,NA
"female",NA,"cpc",1,1
"female",NA,"cpc",1,1
"female",NA,"cpc",1,0.33
"female",NA,"lpc",1,0.67
"male",NA,"cpc",1,0.67
"female",NA,NA,1,0
"female",NA,"cpc",0,0.33
"female",NA,"cpc",1,0
NA,NA,NA,NA,NA
"female",NA,NA,0.33,0.67
NA,NA,NA,NA,NA
NA,NA,NA,NA,NA
NA,NA,NA,NA,NA
NA,NA,NA,NA,NA
"female",NA,NA,0.67,1
"female",NA,"ndp",1,0.67
NA,NA,NA,NA,NA
NA,NA,NA,NA,NA
"female",NA,NA,1,0.67
NA,NA,NA,NA,NA
"male",NA,"ndp",1,1
"female",NA,NA,1,1
"female",NA,NA,1,0.67
"female",NA,NA,0.67,0.67
NA,NA,NA,NA,NA
NA,NA,"rpc",1,0.67
"female",NA,NA,0.67,1
"female",NA,"ndp",1,0.33
"male",NA,"lpc",1,0.67
NA,NA,NA,NA,NA
NA,NA,"ndp",1,0.33
"female",NA,NA,1,1
"male",NA,"cpc",1,0.67
"female",NA,NA,1,0.33
NA,NA,NA,NA,NA
NA,NA,NA,NA,NA
"female",NA,"lpc",1,0.33
NA,NA,NA,NA,NA
NA,NA,NA,NA,NA
NA,NA,NA,NA,NA
"female",NA,"rpc",1,0.67
"female",NA,"cpc",1,1
"female",NA,NA,0.67,0.67
"female",NA,"lpc",1,1
NA,NA,NA,NA,NA
"female",NA,"rpc",1,0.67
NA,NA,NA,NA,NA
"female",NA,"lpc",1,1
NA,NA,NA,NA,NA
NA,NA,"rpc",1,1
"female",NA,"ndp",1,0.67
"female",NA,"lpc",1,1
NA,NA,NA,NA,NA
"female",NA,NA,1,0.67
NA,NA,"lpc",1,1
"female",NA,"cpc",1,0.67
NA,NA,NA,NA,NA
"female",NA,NA,1,NA
"female",NA,"lpc",1,1
"female",NA,"rpc",1,0.33
"female",NA,"lpc",1,1
NA,NA,NA,NA,NA
NA,NA,NA,NA,NA
NA,NA,NA,1,0.33
"female",NA,"lpc",1,1
"male",NA,"rpc",1,0.67
"female",NA,NA,1,0.67
"female",NA,"rpc",1,1
"female",NA,"ndp",1,NA
"male",NA,"ndp",1,1
NA,NA,NA,NA,NA
NA,NA,NA,NA,NA
"female",NA,NA,0,0.33
"female",NA,"ndp",1,1
NA,NA,NA,NA,NA
NA,NA,NA,NA,NA
"female",NA,NA,1,0.33
NA,NA,NA,NA,NA
NA,NA,NA,NA,NA
"female",NA,"ndp",1,0.67
NA,NA,"rpc",1,1
"female",NA,"rpc",0.33,1
"female",NA,"lpc",1,0.67
NA,NA,NA,NA,NA
NA,NA,NA,NA,NA
NA,NA,NA,NA,NA
"male",NA,NA,1,0.33
NA,NA,NA,NA,NA
"female",NA,NA,1,1
"male",NA,NA,1,1
"female",NA,"lpc",1,1
"female",NA,"rpc",1,1
"male",NA,"rpc",1,0.33
"female",NA,"lpc",0.67,NA
"female",NA,"ndp",1,0.67
NA,NA,NA,NA,NA
"male",NA,"lpc",1,0.67
"female",NA,NA,1,1
"female",NA,NA,1,0
"female",NA,"lpc",0.33,0.67
"female",NA,"rpc",1,0.33
"female",NA,"lpc",1,1
NA,NA,NA,NA,NA
"female",NA,"rpc",1,0.67
"male",NA,"rpc",1,1
"female",NA,"cpc",1,0.33
"female",NA,"cpc",0.67,0.33
NA,NA,NA,NA,NA
NA,NA,NA,NA,NA
NA,NA,NA,NA,NA
"male",NA,"rpc",1,0.67
"male",NA,NA,1,0.67
"female",NA,NA,1,1
NA,NA,NA,NA,NA
NA,NA,NA,0.67,0.67
"female",NA,NA,1,1
NA,NA,NA,NA,NA
"female",NA,"cpc",1,0.67
"female",NA,NA,0.67,0.33
NA,NA,NA,NA,NA
NA,NA,NA,NA,NA
"female",NA,"ndp",1,1
NA,NA,NA,NA,NA
"female",NA,NA,1,0.67
"male",NA,"cpc",1,0.33
"male",NA,"lpc",1,1
NA,NA,NA,NA,NA
"female",NA,"cpc",1,0.67
"female",NA,"rpc",1,0.67
NA,NA,NA,NA,NA
"female",NA,NA,1,0.67
"female",NA,"cpc",1,0.67
NA,NA,NA,NA,NA
NA,NA,NA,NA,NA
NA,NA,NA,NA,NA
NA,NA,NA,NA,NA
"female",NA,"rpc",1,0.33
NA,NA,NA,NA,NA
NA,NA,NA,NA,NA
"female",NA,NA,1,1
"male",NA,"rpc",1,1
"male",NA,NA,1,NA
"female",NA,NA,1,0
NA,NA,NA,NA,NA
NA,NA,NA,NA,NA
"female",NA,"ndp",1,0.67
NA,NA,"rpc",1,1
"female",NA,NA,0.67,1
NA,NA,NA,1,0.67
"female",NA,"rpc",0,1
NA,NA,NA,NA,NA
"female",NA,NA,1,1
"male",NA,"rpc",1,0.67
"female",NA,"lpc",1,1
NA,NA,NA,NA,NA
NA,NA,NA,NA,NA
"female",NA,"rpc",1,1
"female",NA,"lpc",1,0.33
"female",NA,"lpc",1,0.33
NA,NA,NA,NA,NA
NA,NA,NA,NA,NA
"female",NA,"rpc",1,0.67
"female",NA,"lpc",1,1
"male",NA,NA,0,1
"female",NA,NA,0.67,0.67
"female",NA,"rpc",1,1
NA,NA,NA,NA,NA
NA,NA,NA,NA,NA
NA,NA,NA,NA,NA
NA,NA,NA,NA,NA
NA,NA,NA,NA,NA
"female",NA,"lpc",1,1
NA,NA,NA,NA,NA
"female",NA,"lpc",0.33,1
"female",NA,"cpc",0.33,0.33
NA,NA,"lpc",1,0.67
"female",NA,"lpc",1,1
NA,NA,NA,NA,NA
"female",NA,NA,1,0.33
NA,NA,NA,NA,NA
"female",NA,"lpc",1,0.67
NA,NA,NA,NA,NA
NA,NA,NA,NA,NA
NA,NA,NA,NA,NA
NA,NA,NA,NA,NA
NA,NA,NA,NA,NA
"female",NA,"lpc",1,1
NA,NA,"lpc",1,1
NA,NA,NA,NA,NA
"female",NA,"lpc",1,1
NA,NA,NA,NA,NA
NA,NA,"lpc",1,1
"male",NA,"bq",0.67,1
NA,NA,NA,NA,NA
NA,NA,NA,NA,NA
NA,NA,NA,NA,NA
"female",NA,"lpc",1,0.33
NA,NA,NA,NA,NA
"female",NA,"lpc",1,1
NA,NA,"cpc",1,0.33
"female",NA,NA,1,1
NA,NA,NA,NA,NA
NA,NA,NA,NA,NA
NA,NA,NA,NA,NA
NA,NA,NA,NA,NA
NA,NA,NA,NA,NA
"male",NA,"lpc",1,0.33
"female",NA,NA,0.67,0.33
NA,NA,NA,NA,NA
NA,NA,NA,NA,NA
NA,NA,NA,NA,NA
"female",NA,"lpc",0.67,1
NA,NA,NA,NA,NA
NA,NA,NA,NA,NA
"female",NA,"lpc",1,1
NA,NA,NA,NA,NA
NA,NA,NA,NA,NA
"female",NA,"lpc",1,1
"male",NA,NA,1,1
"male",NA,"lpc",1,1
NA,NA,NA,NA,NA
"female",NA,"lpc",1,1
"female",NA,"cpc",1,0.33
NA,NA,NA,NA,NA
NA,NA,NA,NA,NA
"female",NA,"cpc",1,1
"female",NA,"lpc",1,1
NA,NA,NA,NA,NA
NA,NA,NA,NA,NA
"female",NA,"lpc",1,1
NA,NA,NA,NA,NA
NA,NA,NA,NA,NA
NA,NA,NA,NA,NA
"female",NA,"lpc",1,0
"female",NA,"lpc",1,1
"female",NA,"lpc",1,1
NA,NA,NA,NA,NA
NA,NA,NA,NA,NA
"female",NA,NA,0.67,0
"female",NA,"lpc",1,0.67
NA,NA,NA,NA,NA
NA,NA,NA,NA,NA
"male",NA,"lpc",1,1
NA,NA,NA,NA,NA
NA,NA,NA,NA,NA
NA,NA,NA,NA,NA
NA,NA,NA,NA,NA
NA,NA,NA,NA,NA
NA,NA,NA,NA,NA
"male",NA,"cpc",1,0.67
"female",NA,"ndp",1,0.67
"male",NA,"cpc",1,1
"female",NA,"bq",1,1
"female",NA,NA,1,0.67
"female",NA,NA,0.67,0.67
NA,NA,NA,NA,NA
NA,NA,NA,NA,NA
"female",NA,"lpc",1,1
NA,NA,NA,NA,NA
NA,NA,NA,NA,NA
NA,NA,NA,NA,NA
"female",NA,"lpc",1,0.67
"female",NA,"cpc",1,0
NA,NA,NA,NA,NA
NA,NA,NA,NA,NA
NA,NA,"cpc",1,0.67
NA,NA,NA,NA,NA
"male",NA,"lpc",1,1
"male",NA,NA,0.67,1
NA,NA,NA,1,NA
"female",NA,NA,0,1
NA,NA,"cpc",1,0.67
NA,NA,"lpc",1,0.67
"male",NA,NA,1,1
