"CPSIGEN","CPSA3","CPSG1","CPSO11","CPSA2"
5,1,7,1,1
5,2,5,1,1
5,99,7,1,1
1,2,7,1,1
5,1,3,1,1
1,2,5,1,1
1,2,7,1,1
1,98,5,1,1
5,98,5,1,1
5,98,7,1,1
1,2,7,1,1
5,1,3,1,1
5,2,3,1,1
5,2,7,1,8
1,98,3,1,1
5,2,3,1,1
5,1,7,1,3
5,2,3,1,1
5,2,7,1,7
5,98,7,1,3
5,1,7,1,1
5,1,5,1,1
5,2,3,1,1
5,1,3,1,1
5,2,5,1,1
1,1,7,1,1
1,2,7,1,1
NA,2,7,1,1
5,2,7,1,7
5,97,1,1,7
1,2,5,1,1
5,98,7,1,1
5,2,7,1,1
NA,2,7,1,1
5,2,7,1,1
5,1,7,1,1
5,2,7,1,1
5,2,7,1,1
5,3,7,1,3
5,98,5,1,1
5,2,7,1,3
5,2,7,1,1
5,98,3,1,1
5,99,7,1,1
5,98,5,1,1
5,2,5,1,1
1,2,1,1,1
5,2,3,1,1
1,2,7,1,1
5,1,5,1,1
NA,2,3,1,1
5,98,7,1,1
5,97,3,1,1
1,2,7,1,1
1,98,7,1,3
5,98,7,1,1
5,2,7,1,1
1,99,3,1,1
5,1,5,1,8
5,2,1,1,1
5,2,5,1,3
5,99,5,1,1
5,2,1,1,1
NA,98,7,1,1
5,98,7,1,1
5,2,5,1,1
1,98,5,1,1
1,98,3,1,1
5,98,7,1,1
1,2,3,1,1
5,2,7,1,1
1,2,5,1,3
5,98,3,1,1
5,2,3,1,1
1,2,7,1,1
5,1,5,1,1
5,1,7,22,3
5,3,7,1,1
1,2,7,1,1
5,2,3,1,1
5,1,3,1,1
5,2,7,1,1
1,99,5,1,1
5,2,3,1,1
5,1,5,1,1
1,98,7,1,1
1,2,5,1,1
5,2,5,1,1
5,98,7,1,1
5,99,3,1,3
1,1,7,1,1
5,3,7,1,1
NA,2,7,1,1
NA,2,1,1,1
1,2,5,1,1
5,1,3,1,1
5,2,7,1,1
5,1,3,1,1
5,98,3,1,1
NA,98,7,1,5
5,1,7,1,3
1,98,7,1,8
1,98,8,1,1
5,2,7,1,1
5,2,5,1,1
5,98,7,1,1
5,1,5,1,1
5,2,7,1,1
1,2,5,1,1
5,1,5,1,1
5,1,1,1,1
5,98,3,1,1
5,98,7,1,3
NA,2,3,1,1
1,98,7,1,1
5,2,3,1,1
NA,2,3,1,3
5,1,5,1,1
5,3,5,1,1
1,3,7,1,1
5,1,7,1,3
5,2,7,1,1
5,1,3,1,1
5,2,7,1,1
1,98,7,1,8
1,98,3,1,8
5,99,5,1,1
5,98,1,1,3
1,2,5,1,1
5,98,1,1,7
1,2,8,1,1
5,2,7,1,8
5,98,3,1,3
1,98,5,1,3
1,2,7,1,1
1,2,7,1,1
5,1,1,1,1
5,96,7,1,7
5,2,3,1,1
5,98,7,1,1
5,3,7,1,7
1,2,7,1,1
5,4,7,1,1
5,1,5,1,1
5,4,7,1,1
1,0,5,1,1
5,98,7,1,1
5,2,5,1,1
5,2,7,1,1
5,1,3,1,1
5,3,7,1,1
5,98,5,1,3
5,2,5,1,1
5,2,3,1,1
5,98,5,1,3
5,2,1,1,1
5,2,7,1,1
5,99,1,1,1
1,1,7,1,8
5,1,7,2,1
5,1,7,1,1
5,98,7,1,1
5,98,7,1,1
5,3,7,1,1
5,98,9,1,7
5,3,7,1,1
5,2,7,1,1
5,2,7,1,3
5,98,7,1,1
5,98,5,1,1
5,2,7,1,1
5,4,7,1,1
5,98,7,1,1
5,97,7,1,7
5,2,7,1,7
5,2,7,1,1
5,2,7,1,1
5,1,7,1,8
5,98,5,1,1
5,1,3,1,1
5,2,7,1,3
5,98,7,1,1
5,99,7,1,1
5,1,3,1,1
5,1,3,1,1
5,3,7,1,1
5,98,7,1,1
5,98,7,1,1
5,98,7,1,1
5,1,7,1,1
5,1,7,1,3
1,2,7,1,1
5,2,5,1,1
5,1,3,1,1
NA,98,7,1,1
1,3,7,1,7
5,1,5,1,1
5,2,7,1,1
1,98,7,1,1
5,98,7,1,1
5,1,5,1,5
5,98,5,1,1
5,1,3,14,1
1,1,7,1,1
1,2,5,5,1
5,97,3,1,5
5,2,7,1,1
5,99,3,1,1
5,2,7,1,3
1,2,7,1,1
5,2,5,1,1
5,99,7,1,1
5,2,7,1,1
1,99,1,1,1
1,98,3,1,1
1,1,7,1,3
1,98,7,1,1
NA,98,7,1,8
5,98,7,1,3
5,2,5,1,1
1,1,5,1,1
5,96,7,1,7
5,2,3,1,3
5,98,7,1,1
5,4,7,1,1
5,2,5,1,1
5,99,3,1,1
1,2,5,1,1
5,2,5,1,1
5,1,5,1,1
5,2,7,1,1
5,4,7,1,1
5,1,7,1,1
5,1,3,1,1
5,4,3,1,1
1,98,7,1,1
5,98,5,1,5
5,2,7,1,1
5,2,7,1,1
5,2,7,1,1
5,3,7,1,7
5,2,3,1,1
5,98,7,1,8
5,3,7,1,1
1,2,5,1,5
1,0,7,1,3
5,3,7,1,3
5,0,7,1,1
1,99,7,1,1
5,2,7,1,1
5,2,7,1,1
5,98,7,1,1
1,1,3,1,3
1,2,5,1,1
1,2,7,1,1
5,5,7,1,1
1,98,7,1,1
NA,98,7,1,1
NA,1,5,1,1
NA,1,7,1,1
NA,0,5,1,8
5,5,5,1,1
1,96,5,1,3
5,1,5,1,7
1,98,5,1,1
1,2,5,1,3
5,5,7,1,3
5,98,7,1,1
5,98,7,1,8
NA,98,7,1,1
5,97,7,1,5
1,98,7,1,1
5,98,7,1,3
5,98,5,1,3
NA,98,3,1,7
NA,5,7,1,7
NA,5,7,1,1
5,1,7,98,1
1,99,7,1,1
NA,98,3,1,1
1,1,7,1,1
5,97,7,1,1
5,1,5,1,1
1,98,8,1,1
1,5,7,1,3
NA,98,7,1,3
1,5,3,1,1
5,97,5,1,1
5,98,5,1,1
1,5,3,1,3
5,98,1,1,8
5,5,3,1,1
5,98,5,1,1
5,5,5,1,1
1,5,7,1,7
1,1,3,1,1
NA,98,5,1,1
5,5,7,1,7
5,5,7,4,1
5,1,1,1,1
1,5,7,1,3
NA,96,8,1,1
1,97,5,1,1
1,5,5,1,1
1,98,3,4,1
1,98,7,1,3
NA,5,5,1,1
NA,98,8,1,1
5,5,7,1,1
1,97,7,1,5
1,2,7,1,1
1,5,7,1,1
NA,5,5,1,1
1,5,7,1,1
1,2,7,1,1
1,1,5,1,3
1,5,5,1,1
5,98,3,1,7
5,5,5,1,1
5,5,5,1,1
5,2,5,9,1
NA,98,7,1,1
1,5,5,14,1
5,5,3,1,1
1,5,5,1,3
1,5,7,1,1
5,98,7,1,1
5,2,5,1,1
5,98,7,1,3
1,1,7,1,1
1,98,7,1,1
1,98,5,1,3
5,98,7,1,1
1,5,5,1,1
5,98,7,1,7
1,98,7,1,3
5,98,3,1,5
1,98,3,1,1
1,1,5,1,8
1,98,7,1,1
1,99,5,1,1
1,2,7,1,7
5,5,3,1,1
5,1,8,1,1
5,5,1,1,1
5,1,7,1,1
1,1,3,1,1
1,98,7,1,1
5,97,7,9,8
5,5,7,1,7
1,5,7,1,1
5,1,3,1,3
NA,2,3,1,1
1,5,5,1,1
NA,1,5,1,1
1,1,1,9,1
5,5,7,1,3
5,96,8,99,7
5,99,7,1,1
NA,5,5,1,1
1,5,5,1,1
5,5,7,1,1
NA,98,7,1,3
NA,98,7,1,3
5,5,7,1,3
5,99,7,1,1
1,98,7,1,1
1,2,7,1,1
1,98,3,1,1
5,2,3,1,7
5,97,7,1,3
1,5,7,1,1
1,98,7,1,1
1,1,3,1,3
NA,1,5,1,1
5,98,7,1,3
5,2,7,1,1
NA,98,7,1,7
1,5,5,1,1
5,5,7,1,3
5,99,7,1,1
5,5,7,1,1
5,97,7,1,1
5,98,7,1,1
5,98,5,1,3
1,2,7,1,1
1,98,3,19,3
5,2,3,1,1
5,99,7,1,1
1,5,1,1,1
5,5,3,1,1
5,5,5,1,1
1,98,7,1,1
5,1,7,1,1
1,1,7,1,1
1,98,5,1,1
5,98,5,1,5
5,2,5,5,1
5,2,7,1,1
5,1,1,1,1
1,97,7,1,3
1,2,3,1,1
5,98,7,1,3
1,5,7,1,1
1,5,7,1,3
NA,2,7,1,1
NA,98,7,1,3
5,98,5,1,1
1,97,5,1,1
5,5,1,1,1
5,5,7,1,1
5,5,7,1,1
1,1,7,1,1
1,5,7,1,1
1,99,5,1,1
NA,5,3,1,1
NA,98,5,0,7
NA,98,7,1,3
5,2,5,1,1
NA,98,5,1,3
1,5,3,1,1
NA,98,7,1,1
5,5,7,1,1
1,1,3,1,1
1,98,7,4,1
1,2,3,1,1
5,5,7,1,1
1,2,5,1,1
NA,5,7,1,1
1,98,5,1,1
1,98,7,1,1
1,97,7,98,1
1,5,7,1,1
1,1,3,1,1
1,99,7,1,1
NA,98,3,1,1
1,1,1,1,1
1,5,7,1,1
NA,98,7,1,3
1,2,3,1,1
1,5,7,1,3
1,98,3,1,3
NA,98,7,1,1
NA,5,5,1,1
NA,98,3,1,1
NA,98,7,1,3
NA,5,5,1,1
1,97,3,1,1
5,2,5,1,1
5,96,7,1,1
NA,98,7,1,1
5,98,7,1,3
1,5,5,1,1
1,98,7,1,1
1,5,7,1,3
5,3,7,1,3
5,2,7,1,1
1,1,7,1,3
5,2,7,1,1
NA,2,5,1,1
5,2,1,1,3
NA,98,7,1,1
NA,5,5,1,3
5,5,5,1,1
1,3,7,1,5
1,5,7,1,1
5,98,7,1,1
5,0,5,1,1
5,98,5,1,3
5,99,5,1,1
5,98,3,1,1
5,98,3,1,1
5,98,8,1,3
5,5,5,1,1
1,96,7,1,5
NA,98,5,1,1
5,98,7,1,1
1,5,7,1,1
5,98,7,1,1
NA,98,5,1,1
1,97,7,1,3
5,1,7,1,7
1,98,7,1,1
1,96,7,1,7
5,2,3,1,1
5,5,5,1,1
1,96,7,1,7
5,5,3,1,1
1,2,7,1,1
5,5,7,1,3
5,2,5,1,1
1,2,5,1,1
NA,98,7,1,3
5,5,5,1,1
5,2,7,1,1
5,5,8,4,1
1,97,7,1,1
NA,98,7,1,7
NA,98,7,1,1
5,5,7,1,1
5,2,7,17,5
5,2,3,1,3
1,5,7,1,1
1,98,7,4,1
1,1,7,1,1
5,98,7,1,1
1,97,7,1,7
1,2,3,1,1
5,2,3,1,1
5,1,5,1,1
1,98,7,1,1
1,98,7,1,1
NA,1,8,1,1
5,5,7,1,1
5,2,5,19,1
1,5,7,1,1
5,5,7,1,5
5,1,7,1,1
1,5,7,1,1
1,99,7,1,1
1,96,7,19,1
NA,98,7,1,1
1,2,7,1,1
1,96,7,1,3
1,98,7,1,8
1,98,5,1,1
1,98,5,14,1
1,5,5,1,1
1,98,3,1,7
5,98,3,1,1
NA,98,3,1,1
1,5,7,1,3
1,1,5,1,1
1,98,5,1,1
1,2,7,1,1
NA,5,7,1,1
1,98,5,1,1
NA,98,3,1,3
1,5,7,1,1
5,5,7,1,3
1,1,5,1,1
5,1,3,1,1
NA,98,3,1,1
5,2,7,1,3
5,3,7,1,1
1,1,3,1,1
1,5,8,1,1
5,97,7,1,3
1,98,5,1,1
1,98,5,1,1
5,99,5,1,1
5,2,7,1,1
NA,0,5,1,1
NA,96,7,1,3
NA,98,7,1,1
1,98,7,1,1
5,5,7,1,1
1,5,7,1,1
5,98,5,1,1
5,98,5,1,1
1,5,7,1,1
1,98,7,1,1
5,98,7,1,3
1,0,5,1,1
1,5,7,4,1
5,1,1,14,1
1,98,5,1,3
1,98,5,1,1
1,99,7,1,1
5,98,5,1,1
NA,5,5,1,1
5,97,1,1,7
1,5,7,1,1
NA,2,5,1,1
5,5,7,1,3
5,98,7,1,1
1,2,7,1,1
5,2,3,1,1
5,98,7,1,1
5,5,7,1,1
NA,5,7,1,1
1,98,7,1,1
1,98,3,1,1
NA,5,7,1,1
1,99,7,1,1
1,5,3,1,1
NA,5,7,1,1
1,98,7,1,1
5,99,7,1,1
NA,98,7,1,3
1,98,7,1,1
1,99,7,1,1
5,2,7,1,1
NA,2,7,1,1
5,2,5,1,1
1,5,7,1,1
1,5,7,1,1
1,5,5,1,1
1,5,7,1,3
5,2,7,1,1
5,5,7,1,1
NA,5,7,1,1
1,5,7,4,1
1,0,7,12,1
1,97,7,1,1
1,97,7,1,7
5,98,7,0,1
1,2,7,1,3
NA,98,7,1,3
1,2,7,1,1
1,5,7,1,1
5,2,7,1,3
NA,99,5,1,1
1,5,3,1,1
1,2,7,1,1
NA,99,5,1,1
1,5,7,1,1
1,98,8,1,1
NA,98,7,1,1
NA,5,7,1,1
NA,99,7,1,1
5,98,7,9,1
NA,98,7,1,1
1,5,5,1,1
5,5,7,1,3
NA,5,3,1,1
1,1,7,1,1
5,2,7,1,3
NA,5,5,1,1
5,5,7,1,1
1,2,3,1,3
1,2,5,18,3
1,5,7,1,1
NA,1,1,1,1
NA,2,7,1,1
NA,99,7,1,1
NA,5,7,1,1
5,1,5,1,1
1,5,7,1,1
1,98,7,1,3
1,5,7,1,1
1,5,5,1,1
1,96,7,1,5
NA,5,7,1,1
1,99,7,1,1
1,5,7,1,1
1,98,7,1,1
1,2,7,17,1
5,5,5,1,1
NA,1,3,1,1
5,99,7,1,1
1,2,7,1,3
1,99,7,1,1
5,96,7,1,5
5,98,7,1,1
1,98,7,1,1
1,2,3,1,1
5,2,7,1,1
1,5,5,1,1
NA,98,7,1,3
NA,5,3,1,1
1,98,7,1,1
5,98,5,1,7
1,5,5,1,1
5,5,7,1,1
NA,0,7,1,1
5,2,7,1,1
5,5,7,1,1
5,98,7,1,1
1,1,5,1,1
5,5,3,1,1
1,99,7,1,1
5,98,7,1,1
1,0,3,1,3
1,5,5,1,1
NA,98,7,1,3
NA,98,8,1,1
1,99,7,1,1
5,5,7,1,1
1,99,7,1,3
5,2,7,1,1
5,98,7,1,1
5,5,7,1,1
1,98,7,1,1
1,5,7,1,1
1,2,5,1,1
5,5,7,1,1
5,97,7,1,7
1,99,3,1,1
NA,5,7,1,1
5,2,5,1,3
1,2,7,1,1
1,98,7,17,1
5,2,7,1,1
1,4,7,1,1
5,4,5,10,5
5,2,7,9,3
5,1,7,19,1
5,2,7,1,1
5,1,7,1,7
5,96,5,1,7
1,4,7,1,1
5,97,7,1,7
5,1,7,1,1
5,98,7,1,1
5,1,5,1,1
5,98,7,1,7
1,2,7,1,1
5,2,7,2,1
5,2,7,1,1
5,97,7,1,7
NA,98,7,1,1
1,96,3,1,7
1,0,7,1,7
5,2,5,1,7
1,4,5,1,1
5,2,5,1,1
NA,98,8,1,5
5,98,5,1,1
1,1,7,19,1
1,98,5,1,1
1,99,5,1,1
1,4,7,1,1
5,2,5,1,1
5,1,3,1,7
NA,98,7,22,1
1,1,5,1,1
5,99,7,1,1
1,98,7,1,1
1,98,3,1,1
1,97,7,19,1
5,1,5,1,5
5,98,3,1,1
5,1,3,1,1
5,98,7,20,1
5,2,7,1,1
5,1,3,1,1
5,1,5,1,1
1,2,3,1,1
5,98,7,1,1
5,2,7,1,1
5,2,7,1,1
5,1,3,1,1
5,98,3,1,7
1,1,7,1,1
5,2,7,1,1
5,1,3,18,1
5,1,7,1,1
1,1,7,2,1
5,2,7,1,5
5,2,7,1,1
5,98,7,1,1
1,99,7,1,3
1,2,7,1,1
5,1,5,1,1
5,1,3,14,1
1,2,7,5,1
5,99,7,1,7
1,1,1,1,1
1,2,3,1,1
5,98,3,1,1
1,2,5,2,1
5,2,5,1,1
5,98,5,19,1
5,4,7,1,1
5,1,7,1,1
1,4,7,1,1
5,98,3,1,1
5,98,3,1,1
5,98,7,1,3
1,2,7,18,1
1,4,7,1,1
5,4,5,1,1
5,98,5,1,1
1,1,3,1,1
5,2,5,1,1
5,2,7,1,1
5,98,3,0,1
5,1,5,15,3
5,3,7,1,3
5,1,3,1,1
1,98,1,1,8
1,2,5,22,1
5,0,5,21,1
5,98,7,1,1
1,2,7,1,1
5,1,7,14,1
1,2,7,1,7
5,4,7,1,1
5,2,7,1,1
5,98,5,1,3
1,98,3,1,1
5,98,7,1,1
1,98,5,1,1
5,1,3,18,1
NA,2,5,1,1
1,1,5,1,1
5,2,7,6,1
1,98,7,1,1
5,1,5,1,1
5,2,7,19,1
5,3,3,1,3
5,98,7,1,1
5,1,7,1,1
NA,98,1,1,3
5,2,7,1,1
5,1,7,1,1
5,2,5,1,3
5,1,7,1,1
5,4,3,1,1
1,2,7,1,1
5,3,3,1,1
1,98,7,4,1
5,98,3,1,1
5,2,7,1,1
NA,4,1,1,1
5,2,5,1,1
NA,98,5,1,1
5,2,7,1,8
5,96,5,1,7
1,99,5,1,1
1,98,7,1,1
1,1,1,1,1
5,2,5,1,3
5,2,7,5,1
5,2,7,1,1
5,2,7,9,1
5,4,7,5,1
1,98,3,1,1
5,1,7,1,1
5,4,3,7,1
5,98,7,1,1
5,2,7,2,1
5,2,3,1,1
5,98,5,10,1
5,2,7,1,7
NA,2,7,1,3
5,2,7,1,1
NA,3,7,1,1
5,99,7,9,1
NA,1,3,1,1
NA,98,7,1,1
5,1,7,1,1
5,4,7,1,1
5,98,5,1,1
5,1,1,2,1
5,99,7,1,1
1,98,7,12,3
5,98,7,1,1
5,2,3,1,1
1,2,5,1,1
1,98,7,1,1
NA,98,7,1,1
5,2,1,1,1
5,98,7,1,1
1,98,9,1,3
5,98,7,1,1
NA,98,7,1,5
5,2,7,1,1
5,2,7,19,1
5,1,1,1,1
5,98,5,1,3
1,4,3,1,1
1,4,5,1,1
5,2,7,1,1
1,2,5,1,1
5,2,7,1,1
1,1,7,1,7
5,4,7,1,1
5,1,5,1,1
5,3,5,2,3
5,2,7,14,1
5,0,3,1,1
5,98,7,1,1
1,98,5,21,1
5,98,3,1,1
NA,98,7,1,3
5,1,3,1,1
5,98,7,12,1
1,98,3,1,1
1,2,7,15,1
5,98,3,1,1
5,2,3,1,1
1,2,7,1,1
5,2,3,1,1
5,98,7,1,1
1,98,1,1,1
1,2,5,1,1
5,2,7,20,1
5,98,5,1,1
5,1,3,1,1
5,98,5,1,1
5,96,7,1,7
1,98,7,1,1
5,2,3,1,1
5,98,7,1,1
5,1,5,1,7
5,3,3,2,1
5,2,7,14,1
5,4,7,11,1
NA,98,7,1,3
5,3,5,1,1
5,2,1,19,1
5,4,5,1,1
1,98,7,1,3
1,0,7,1,3
5,99,7,1,1
5,98,5,1,1
5,98,3,1,1
1,0,7,1,1
5,2,7,19,3
5,4,7,1,1
5,3,3,1,1
1,98,7,1,1
5,98,5,1,3
1,2,7,1,1
1,2,7,1,1
5,98,7,1,1
5,2,7,2,1
5,98,5,22,1
5,2,5,2,1
5,2,1,1,1
5,4,7,2,1
NA,98,5,1,1
1,2,8,1,1
5,2,7,1,1
5,98,7,1,1
5,1,7,1,1
1,2,3,1,1
5,0,7,1,1
5,4,7,1,5
5,99,5,1,1
5,1,3,1,1
5,1,3,1,1
5,2,7,2,1
5,0,7,1,1
5,2,7,1,1
NA,1,5,1,1
5,2,7,1,3
5,1,3,1,1
1,99,7,1,1
1,1,7,1,1
5,98,5,1,1
5,2,7,1,1
5,2,7,14,3
5,1,1,1,1
5,96,7,1,7
5,4,5,7,1
5,98,1,1,1
1,1,5,0,5
5,98,7,1,3
5,0,5,1,3
5,2,7,1,1
5,2,7,1,1
1,2,7,1,1
1,2,7,0,1
NA,0,5,1,1
5,3,7,1,1
1,4,3,1,1
5,2,7,1,1
5,98,1,1,7
5,4,3,1,5
5,2,7,1,1
1,1,1,1,1
1,2,7,1,1
5,2,5,1,1
5,2,7,1,1
5,0,7,1,1
5,2,5,1,1
1,2,7,1,1
1,2,7,1,1
1,2,7,1,1
1,1,3,1,1
5,4,3,2,1
5,4,5,1,1
5,2,7,7,1
5,1,3,1,1
5,2,5,1,1
5,1,7,1,1
5,2,3,1,1
5,96,7,1,7
5,98,7,1,3
1,2,7,18,1
5,2,7,1,1
5,96,5,99,7
1,2,7,1,1
5,2,7,1,1
5,98,7,1,1
5,4,5,22,1
5,2,7,1,1
5,3,7,1,3
5,2,3,1,1
5,3,5,1,1
1,99,5,1,1
1,98,7,1,1
5,2,5,1,1
5,2,7,5,1
1,3,3,1,1
NA,1,7,1,1
5,2,5,5,1
5,2,7,14,1
5,4,5,1,3
5,2,7,1,1
5,98,5,1,1
NA,99,7,22,1
5,4,3,1,1
5,1,5,17,3
1,98,7,1,3
5,98,5,1,1
1,2,3,2,1
5,2,5,1,3
5,2,7,1,1
5,98,5,1,1
5,2,7,1,1
5,1,7,1,1
1,2,7,1,3
5,98,5,19,5
5,4,3,1,1
5,98,7,1,3
5,2,3,1,1
5,2,7,1,1
5,2,5,1,1
5,98,3,1,1
5,98,3,1,1
1,98,7,1,1
NA,1,3,1,1
5,98,5,1,1
5,1,1,1,1
5,4,1,1,1
5,2,7,99,1
5,98,5,1,1
1,2,5,1,1
5,98,5,1,1
5,2,7,0,1
5,3,7,1,7
5,4,3,1,1
1,99,7,1,3
5,4,5,1,1
5,3,7,1,1
5,2,7,1,1
5,98,5,16,1
5,3,7,2,1
1,1,3,2,1
5,4,3,2,1
5,98,7,1,1
5,4,7,1,1
1,0,7,1,1
5,99,5,1,1
5,3,3,1,1
5,2,5,1,3
5,2,7,1,3
5,99,8,2,1
5,2,3,1,1
5,2,3,2,1
5,4,7,1,1
1,2,7,1,1
1,98,7,9,1
NA,2,7,1,1
1,1,3,1,1
1,4,7,1,1
5,98,7,19,3
5,98,7,1,1
5,2,3,1,1
5,4,7,1,1
5,97,3,1,5
5,98,7,9,1
5,0,7,1,1
5,2,5,1,1
5,98,5,1,1
5,4,5,1,1
5,98,5,1,3
1,2,7,16,1
NA,2,5,1,1
5,2,5,1,3
NA,99,7,19,3
5,98,7,10,1
5,2,7,1,1
1,98,3,1,1
5,2,5,1,1
NA,1,3,1,1
5,2,5,1,1
5,2,1,1,1
5,2,7,1,1
1,4,5,1,1
5,99,5,1,1
5,2,7,1,1
5,2,3,1,1
5,98,7,1,1
1,98,3,1,1
5,4,7,18,1
5,1,7,1,1
5,2,7,13,8
5,97,8,1,7
5,1,3,1,3
1,98,3,1,1
1,2,7,1,1
5,99,7,1,1
5,99,5,2,1
5,2,5,1,1
5,4,5,1,1
5,98,7,1,1
5,2,7,1,1
NA,98,5,1,1
NA,2,3,6,1
1,2,7,1,1
5,4,7,7,1
5,1,3,1,1
5,98,5,19,3
5,99,5,1,1
5,3,7,1,1
1,4,7,1,1
1,1,3,1,1
5,0,3,1,1
1,2,7,6,3
5,0,3,16,3
5,3,7,1,1
1,99,3,14,1
5,1,3,12,1
1,1,7,1,1
5,98,7,1,1
5,2,7,1,8
5,98,5,1,1
5,98,7,2,3
5,98,1,1,1
5,2,7,0,3
5,2,5,1,1
5,2,5,1,1
5,2,7,1,1
1,4,7,7,1
5,4,7,1,1
1,1,7,1,1
5,1,1,1,1
5,2,5,1,7
1,2,3,1,1
5,2,7,19,7
5,2,7,16,1
5,98,1,1,1
5,96,7,1,1
5,98,5,1,1
1,98,7,9,1
1,2,7,1,1
5,2,5,1,1
5,2,5,1,1
5,98,3,1,1
1,4,1,1,1
5,4,1,1,1
5,98,5,1,3
5,4,5,1,1
NA,97,8,22,5
5,4,7,1,1
5,98,7,1,1
5,98,3,1,1
5,1,3,1,1
5,98,7,15,1
5,3,7,1,1
5,98,7,1,1
5,2,7,1,3
1,96,7,1,7
5,2,7,14,1
NA,2,5,1,3
NA,1,7,1,1
5,4,7,1,1
NA,4,7,0,1
5,2,3,15,1
5,99,5,5,1
5,2,3,1,1
5,96,7,1,7
5,3,5,1,1
5,1,3,1,3
5,97,7,1,7
5,2,8,1,1
5,1,3,1,1
1,1,3,2,1
1,2,5,5,1
5,98,3,1,1
NA,2,5,1,1
5,98,3,1,1
5,4,7,13,1
5,4,7,1,1
5,98,7,9,1
1,98,7,19,1
5,98,5,1,1
5,4,7,5,1
1,98,5,20,1
5,2,7,9,1
5,2,3,1,1
1,2,1,7,1
5,98,3,17,1
1,2,7,19,1
5,98,7,1,1
5,4,7,2,1
5,98,5,1,1
1,2,7,1,1
5,4,3,1,1
5,2,3,1,1
5,98,5,1,1
5,2,3,1,1
1,4,7,1,1
NA,99,3,1,1
5,98,3,1,1
NA,98,5,1,1
1,98,3,1,1
5,98,7,1,1
5,98,5,1,1
5,98,5,1,1
5,2,5,1,1
5,2,7,9,1
NA,1,7,1,1
5,2,3,1,1
1,98,5,1,3
1,98,7,1,3
1,2,5,1,1
5,98,7,1,1
5,2,5,1,1
5,97,7,1,1
5,98,3,1,5
5,98,1,1,1
5,0,7,1,1
5,2,7,8,1
1,2,5,1,1
5,98,7,1,8
1,4,7,1,1
5,2,7,2,1
5,98,7,1,1
1,2,7,1,1
5,2,7,1,1
5,98,5,2,1
5,2,3,1,1
1,2,5,1,1
1,98,7,1,1
5,2,7,1,1
1,98,3,1,3
5,2,5,1,3
NA,1,3,1,1
5,2,7,1,1
5,2,7,1,1
NA,4,3,1,1
5,98,5,1,1
NA,2,7,1,1
1,0,5,1,1
NA,2,7,1,1
5,1,3,1,1
1,99,7,1,1
5,2,7,1,1
5,98,7,1,1
5,2,3,1,1
5,2,7,1,1
5,98,5,1,1
5,1,3,1,1
5,2,5,1,1
5,4,3,1,1
5,2,7,9,1
5,98,3,99,1
5,98,7,1,3
NA,2,7,9,7
5,98,7,1,1
5,2,1,1,1
5,98,5,0,1
NA,2,3,1,5
1,1,1,1,1
5,1,5,1,1
5,98,3,1,1
5,98,5,1,1
5,98,5,1,1
1,2,7,1,1
5,98,7,1,3
5,4,5,1,3
5,1,1,1,1
5,4,5,1,1
5,1,3,1,1
1,2,7,1,1
5,99,7,1,1
5,2,7,1,1
5,3,7,1,1
5,4,7,1,3
5,2,3,22,1
1,4,7,1,1
NA,2,7,18,1
5,2,3,1,1
5,2,3,1,1
5,2,7,17,1
5,2,3,1,3
5,2,7,1,1
1,99,7,1,1
5,4,7,1,1
5,99,5,1,1
5,98,7,1,1
1,2,5,1,3
5,3,5,1,1
1,97,7,1,7
1,98,5,1,1
5,2,7,1,1
5,1,7,1,1
1,2,5,1,1
1,99,7,1,1
5,2,7,14,3
1,1,5,2,1
NA,1,3,1,1
5,98,1,9,1
5,2,5,13,1
NA,1,3,1,1
5,98,1,1,1
5,98,3,1,1
1,1,7,1,1
5,98,3,1,1
1,2,7,1,1
5,97,7,14,7
5,2,3,1,3
5,98,3,1,1
1,2,3,1,1
5,98,7,1,1
NA,2,7,1,1
5,2,3,1,5
5,98,7,0,1
5,98,5,1,3
5,98,3,1,1
5,1,7,1,1
5,1,7,1,3
1,1,3,1,1
5,98,7,1,1
5,98,3,1,1
5,98,7,1,1
1,98,7,1,1
1,98,3,1,1
5,1,5,1,3
1,98,7,1,3
5,98,1,1,1
5,3,7,1,1
NA,2,5,1,1
1,0,7,1,7
5,98,5,1,3
5,98,7,1,1
1,3,7,1,1
5,98,7,1,5
5,98,7,1,1
1,98,3,1,1
NA,2,7,1,1
5,3,3,1,1
NA,98,7,1,1
1,98,7,1,1
5,2,3,1,3
1,1,1,1,1
NA,3,5,1,7
5,98,7,1,1
NA,4,3,1,1
NA,98,7,1,1
5,98,7,1,1
5,4,1,2,1
5,98,7,1,1
5,4,7,1,1
5,98,7,1,1
5,4,7,1,1
5,4,3,1,1
1,0,5,1,1
5,2,5,1,1
5,2,7,1,1
1,98,3,18,3
5,98,5,1,1
1,2,7,17,7
5,2,3,1,3
5,4,7,1,1
5,2,3,1,1
5,98,7,1,8
NA,2,1,1,1
1,2,5,1,1
5,1,3,1,1
5,1,3,1,1
NA,98,3,1,1
1,98,5,1,1
5,4,7,1,1
1,4,7,1,1
5,3,3,1,1
5,99,5,1,1
5,98,5,17,1
5,2,7,9,1
5,4,5,1,1
5,4,7,1,1
NA,1,5,18,1
5,1,5,12,1
5,98,7,1,7
NA,4,7,18,1
5,2,3,1,1
5,4,5,1,1
5,3,7,1,1
1,2,5,1,1
5,2,3,1,1
5,1,3,1,1
5,98,3,1,1
1,1,3,1,1
1,98,3,1,1
NA,96,7,1,7
1,1,7,1,7
1,98,5,1,1
1,2,7,1,1
5,3,7,1,7
5,2,7,1,1
NA,2,5,1,1
5,98,5,1,1
5,98,3,1,3
5,3,3,1,1
5,4,7,1,1
5,0,7,1,1
5,98,5,1,3
5,4,1,1,1
5,98,7,1,1
5,2,7,1,1
5,1,7,1,1
1,4,7,1,1
5,98,7,1,1
5,2,7,1,1
NA,2,3,1,1
5,98,7,1,1
5,4,5,1,3
5,2,7,1,1
1,98,7,1,3
5,0,1,1,1
5,2,3,1,1
5,2,5,1,1
1,2,5,1,5
5,98,7,1,1
5,4,3,1,1
5,3,7,1,1
1,4,7,1,1
1,98,7,1,1
5,1,7,1,8
5,1,3,1,1
5,2,5,1,1
1,2,7,1,1
1,98,7,1,3
5,2,7,1,1
5,1,5,1,7
1,4,7,1,1
5,98,7,1,3
1,98,3,1,7
5,2,5,1,1
5,98,5,1,1
5,1,1,1,1
1,99,7,1,1
5,4,7,1,1
5,2,5,1,1
1,3,7,1,1
5,1,7,1,1
5,2,7,10,1
5,4,5,1,5
1,4,5,1,1
1,2,5,1,1
5,2,7,1,8
1,3,7,1,1
5,98,3,1,1
5,1,3,1,1
5,3,5,1,1
1,98,5,1,1
5,4,5,1,1
5,96,3,1,7
NA,3,7,1,1
5,2,7,1,5
5,98,3,1,1
5,98,7,1,3
5,4,3,1,1
5,3,7,1,1
NA,98,7,1,1
5,2,7,15,1
5,2,5,1,1
5,99,7,1,1
5,2,3,1,1
5,2,5,20,1
5,98,7,1,1
1,2,5,1,1
5,1,7,12,1
5,2,7,1,1
5,2,7,17,1
5,0,7,4,1
5,1,3,1,1
5,2,7,1,1
5,97,3,1,3
5,98,3,1,1
5,2,7,1,1
5,2,7,1,1
5,2,7,1,1
5,98,5,1,1
5,1,7,2,1
5,4,7,2,1
5,2,7,1,1
5,1,7,1,5
5,2,7,99,1
5,2,1,1,1
5,2,7,14,1
5,2,7,1,1
5,2,7,1,1
5,2,7,15,1
5,1,5,18,1
5,2,7,10,1
5,2,5,1,1
5,2,8,1,1
1,98,3,1,1
1,2,7,1,1
5,98,1,1,1
1,98,3,0,1
NA,2,7,1,7
5,2,5,1,1
5,2,5,1,1
5,2,5,2,1
NA,98,3,1,5
5,98,7,9,1
5,2,7,1,1
5,2,7,1,1
5,2,7,1,1
5,2,7,19,3
5,2,7,1,1
5,1,3,17,7
NA,1,5,1,1
5,2,7,1,1
5,1,3,20,1
5,99,3,9,8
5,98,3,5,1
5,2,7,2,1
1,98,3,1,1
5,2,7,2,1
5,2,7,1,1
5,2,5,5,1
5,98,3,1,1
1,2,7,1,1
5,2,7,1,1
5,2,7,1,1
5,2,3,19,1
5,2,5,1,1
5,98,7,1,1
5,2,3,1,1
5,98,5,1,1
5,98,7,1,1
5,3,3,1,1
NA,98,3,1,1
1,4,1,1,1
1,0,7,1,7
1,98,3,1,7
1,99,3,1,1
5,2,7,1,1
1,99,1,1,1
5,98,8,1,1
5,2,7,1,8
1,2,7,1,1
1,4,3,1,1
5,99,7,1,1
1,2,7,1,1
1,98,5,1,1
1,98,3,1,1
1,98,7,1,3
1,98,7,1,1
1,1,3,1,1
5,1,7,1,1
5,98,5,1,1
5,2,1,1,1
1,2,3,1,1
5,98,5,1,1
5,2,1,1,1
5,1,3,1,1
5,98,5,1,1
5,4,3,1,1
5,2,3,1,1
1,98,7,1,1
5,4,3,1,1
5,98,5,1,3
1,98,5,1,1
1,3,3,1,1
5,99,3,12,1
5,4,7,1,1
5,1,7,1,3
5,98,5,1,1
5,98,7,1,1
5,2,7,1,1
1,2,7,1,1
5,98,7,1,1
5,4,7,1,3
5,98,3,1,1
1,0,3,14,1
5,4,3,1,1
5,98,7,1,1
NA,2,7,1,7
5,98,7,1,1
5,98,7,1,1
5,3,5,2,1
5,1,7,1,1
5,4,7,1,1
5,99,5,1,1
5,1,3,1,1
NA,2,3,1,1
1,98,7,1,1
1,3,7,1,3
5,4,3,1,1
1,2,5,1,1
1,2,7,1,1
5,98,5,1,3
NA,4,7,1,1
5,99,7,1,1
5,1,3,7,1
NA,3,5,1,1
5,0,3,1,1
NA,98,7,1,1
NA,1,8,1,7
5,3,7,1,1
5,2,7,1,1
5,98,8,1,3
1,98,5,1,5
5,2,7,1,1
1,4,7,1,1
1,2,7,1,1
1,99,1,1,1
1,99,7,1,1
5,97,3,8,8
5,1,5,2,1
5,4,1,1,1
5,1,1,1,1
5,98,8,1,8
5,4,5,1,1
5,97,7,1,7
5,3,7,1,1
5,98,7,1,8
5,99,7,1,1
5,98,3,1,1
5,99,5,1,1
NA,0,7,1,1
5,98,5,1,8
5,98,5,1,1
5,1,3,1,1
5,2,7,1,1
1,1,7,1,1
1,2,3,1,1
5,98,7,1,1
1,98,5,1,1
5,3,7,1,1
5,4,1,1,1
5,3,3,1,1
5,3,5,1,1
5,3,5,1,1
1,1,7,1,5
5,4,1,1,1
5,2,7,1,1
5,2,5,1,1
NA,98,7,1,8
5,4,5,1,1
5,2,5,1,1
5,2,5,1,1
5,98,5,1,1
5,4,7,1,1
1,98,3,1,1
5,2,3,5,1
5,1,5,1,1
5,4,3,11,1
1,98,7,1,1
5,3,7,1,1
NA,2,5,1,1
5,4,5,1,1
5,98,5,1,1
5,98,5,1,1
5,98,5,1,1
1,98,7,1,1
5,98,8,1,1
5,98,5,1,3
5,3,5,1,1
NA,3,3,1,1
5,97,3,1,1
5,2,7,1,1
1,3,5,1,7
1,3,7,1,1
5,1,8,1,1
5,2,7,1,1
5,4,3,1,1
5,3,7,1,1
1,3,5,1,3
5,98,7,1,5
5,98,5,1,1
5,99,5,1,1
5,4,7,1,3
1,2,5,1,7
1,1,3,1,1
1,1,7,1,3
5,2,7,1,1
1,1,5,1,1
1,98,7,1,1
5,2,3,1,1
1,2,7,1,7
5,98,7,1,1
5,2,3,1,7
NA,3,3,1,1
1,1,5,1,1
5,98,7,1,8
1,2,7,1,1
5,2,7,1,1
1,98,5,1,1
5,1,7,1,1
5,2,7,1,1
1,98,7,1,1
5,98,7,1,3
1,2,1,19,1
5,99,7,4,1
NA,98,3,1,1
5,98,3,NA,1
5,1,7,1,1
5,98,3,5,1
5,98,7,1,3
5,3,3,1,7
5,1,3,2,1
5,0,7,1,1
5,98,8,1,1
1,1,7,8,1
1,98,3,1,1
5,4,3,1,1
5,4,3,1,1
1,4,1,1,1
5,98,5,1,1
5,1,3,1,1
1,2,5,1,7
1,4,1,2,1
5,4,7,1,1
5,98,5,1,1
1,98,7,1,1
1,1,5,1,1
1,1,1,16,1
5,98,5,1,1
5,1,5,16,1
5,4,5,1,1
5,98,5,1,1
NA,98,5,1,1
5,1,3,1,1
NA,4,5,1,1
1,3,7,1,1
1,98,3,1,1
1,98,7,1,1
5,4,5,1,1
5,1,5,1,3
5,4,3,1,1
NA,98,5,1,1
1,4,7,1,1
5,2,5,1,1
NA,98,7,1,1
5,97,5,1,5
5,4,3,1,1
NA,2,3,1,1
NA,2,5,1,1
5,98,7,1,1
5,98,3,1,1
5,0,5,1,1
1,98,7,1,1
5,2,7,1,1
5,98,7,10,1
5,4,7,1,1
5,98,5,1,1
NA,1,8,1,1
1,99,3,1,1
1,98,7,1,3
1,1,7,1,3
5,4,5,1,1
1,2,5,1,1
NA,2,5,1,1
1,4,7,1,1
NA,3,3,1,1
1,98,3,1,1
NA,2,5,1,1
NA,98,5,20,1
5,2,8,1,7
5,1,3,20,1
NA,4,7,1,1
NA,2,7,1,1
1,4,5,1,1
5,98,8,1,8
5,98,7,1,3
NA,2,7,1,1
5,1,1,1,1
1,98,3,1,1
5,1,7,1,1
5,1,5,1,1
5,4,5,5,1
5,98,3,20,1
5,1,3,1,1
1,98,3,1,1
5,2,3,1,1
5,0,7,1,1
5,4,5,1,1
NA,0,5,1,1
1,98,5,1,3
5,1,3,1,1
1,0,5,1,1
1,97,5,1,1
1,4,7,1,1
5,1,7,1,7
5,3,7,1,1
5,2,3,1,1
5,2,7,1,7
5,97,3,1,1
5,4,5,1,1
5,4,3,1,1
5,98,5,1,5
1,98,3,17,1
NA,1,1,1,1
5,2,7,1,1
NA,4,7,1,1
1,2,3,1,1
5,3,7,1,1
5,3,7,1,1
1,1,3,1,1
NA,4,7,1,1
5,2,1,1,1
1,1,5,1,1
5,4,1,1,1
NA,2,5,1,1
5,99,5,1,1
1,98,3,2,3
NA,4,7,1,5
5,99,7,1,1
5,4,7,1,1
5,98,3,1,3
5,99,5,1,1
NA,98,5,1,1
5,1,1,1,1
1,4,7,1,1
5,4,7,1,3
5,98,5,1,3
5,2,5,1,1
5,2,7,1,1
5,98,7,1,1
5,98,7,1,5
5,1,5,1,1
5,4,5,NA,1
5,2,7,1,3
NA,1,5,1,1
5,96,7,1,7
1,2,7,1,3
NA,0,3,1,3
1,1,3,1,1
5,1,3,1,1
5,1,5,1,1
1,2,3,1,3
5,2,3,1,5
5,1,7,1,1
5,1,1,1,1
1,98,3,1,1
5,2,7,1,1
1,1,3,1,3
5,2,5,1,1
1,4,1,1,1
5,2,7,1,7
5,1,7,1,1
5,1,5,1,1
5,0,7,1,1
5,98,5,1,1
5,3,7,1,1
5,2,7,1,1
NA,4,3,1,1
5,2,7,1,1
5,1,3,1,1
5,4,5,1,5
1,4,5,1,1
5,98,5,1,1
5,1,7,1,1
5,4,7,1,1
5,2,5,1,1
5,4,7,1,1
1,4,5,1,1
1,1,7,1,1
1,1,3,1,1
5,1,3,1,1
5,4,3,1,1
1,98,7,4,1
5,0,7,1,1
5,1,3,1,1
5,4,3,2,1
5,4,3,1,1
5,4,3,1,1
5,96,7,1,7
5,98,3,1,3
5,98,5,1,3
5,0,7,1,1
1,98,7,1,1
NA,98,5,1,1
5,99,7,1,1
5,4,5,1,1
NA,4,7,1,1
1,1,5,1,5
5,98,5,22,3
5,1,1,1,1
1,4,7,1,1
1,98,7,2,1
5,1,3,1,1
NA,1,3,1,1
5,2,5,1,1
5,98,7,1,8
5,4,7,1,1
5,1,7,7,1
1,98,7,1,1
5,2,5,1,3
5,2,7,0,1
5,2,5,1,1
5,2,7,1,1
5,2,5,1,7
5,2,5,1,1
5,4,3,1,1
1,4,5,1,1
1,98,5,1,1
5,98,7,1,1
1,4,5,14,1
5,2,7,1,1
5,4,7,1,1
5,4,3,1,1
5,98,3,2,1
1,1,5,1,7
5,2,5,1,1
5,4,5,1,1
5,0,7,1,1
5,1,5,1,1
1,2,7,1,1
5,98,5,1,1
5,4,7,1,1
5,1,3,1,5
5,96,8,1,7
5,98,5,1,3
5,96,7,1,7
5,1,5,1,7
5,1,3,1,1
NA,4,3,1,1
5,98,5,1,1
5,99,1,19,1
5,1,3,1,1
5,3,7,1,1
5,4,7,1,1
5,4,7,1,1
5,4,5,1,1
1,3,7,1,1
5,99,5,1,1
5,4,5,1,1
5,98,5,1,1
1,98,7,8,1
5,98,7,1,1
5,4,3,1,1
1,98,7,1,8
5,98,8,20,1
5,98,3,2,1
NA,1,5,1,5
5,4,5,1,1
1,98,3,1,1
1,4,3,1,1
5,98,7,1,1
5,4,3,1,1
5,4,5,1,1
1,4,5,1,1
5,1,1,1,1
5,98,5,1,3
5,1,5,1,1
5,98,5,1,1
5,4,3,1,1
5,1,7,1,1
1,98,3,1,1
5,4,5,1,1
NA,2,3,17,1
1,2,7,1,1
5,1,3,1,1
5,4,3,12,1
1,1,5,1,1
5,2,7,1,1
NA,2,5,1,1
5,2,7,1,5
1,98,3,99,1
5,98,7,1,7
5,4,7,1,1
5,4,5,1,1
5,2,7,1,1
5,98,7,1,1
5,98,8,1,3
NA,1,7,14,1
5,1,1,1,7
5,3,7,1,1
5,1,5,1,1
5,98,7,1,1
5,4,3,1,1
1,4,5,1,1
NA,2,3,20,1
5,2,7,1,1
5,98,7,1,1
1,98,3,1,1
5,4,7,2,1
5,2,7,1,7
NA,4,7,1,1
5,0,7,1,1
1,4,7,1,1
1,2,7,8,1
5,98,7,1,1
1,2,7,1,1
5,4,3,1,3
NA,4,7,1,1
5,98,5,1,3
5,4,7,1,1
1,4,5,1,1
5,4,1,1,1
5,4,3,1,7
NA,98,5,1,1
5,4,5,1,1
1,0,7,1,1
5,99,8,1,1
5,1,3,1,1
1,1,3,1,1
5,98,7,1,1
5,2,7,14,1
5,1,7,1,1
NA,4,5,1,1
5,3,7,1,1
5,1,5,1,1
1,2,7,1,1
5,2,7,1,1
1,98,3,1,1
1,97,7,14,3
1,0,5,16,1
5,1,3,20,1
5,3,7,1,3
1,98,3,1,1
1,2,7,1,1
5,4,5,1,1
5,97,3,1,1
5,98,7,1,1
1,1,7,1,3
5,2,5,1,3
NA,1,3,1,1
5,98,5,1,1
1,3,7,17,3
5,4,3,1,3
1,97,7,1,7
1,2,3,1,7
5,98,3,1,3
1,4,5,1,1
1,4,7,5,3
1,2,7,1,1
5,4,5,1,1
5,4,7,1,1
5,98,3,1,1
5,1,7,16,1
5,4,7,1,1
1,2,7,1,1
5,2,5,1,1
5,3,7,1,1
5,98,3,1,1
1,98,1,1,1
5,98,7,1,1
5,4,7,1,1
5,98,5,1,1
5,98,5,1,1
5,3,5,1,3
NA,1,3,1,1
1,2,1,15,3
5,98,5,1,1
1,4,9,1,5
5,2,7,2,1
5,1,7,1,1
1,2,5,1,3
1,2,7,1,1
5,99,7,1,1
1,1,3,2,1
5,96,7,17,7
5,98,5,1,1
5,1,3,12,1
5,2,7,11,5
5,98,3,1,1
5,3,7,1,1
1,2,7,1,3
5,4,7,2,1
5,1,5,17,1
5,4,7,1,1
5,98,7,1,1
1,98,3,1,1
1,98,5,1,1
1,98,5,1,1
1,98,5,1,5
1,98,7,2,1
5,3,7,7,1
1,2,7,1,1
1,98,5,2,1
5,2,7,1,1
NA,98,3,1,1
1,98,3,1,5
5,1,3,17,1
5,0,7,1,1
5,1,5,1,1
5,2,7,1,3
1,4,7,1,1
1,4,1,12,1
1,98,7,1,1
1,1,3,5,1
5,1,3,2,1
1,1,7,1,1
5,98,5,1,1
1,1,5,9,1
5,0,5,1,7
NA,3,5,12,1
1,1,3,1,1
5,98,5,12,3
5,4,7,1,1
5,1,5,2,1
5,1,5,17,1
5,98,7,1,1
5,1,7,1,3
1,4,7,1,1
1,4,5,1,1
5,2,7,10,3
NA,98,7,1,1
1,4,7,1,1
1,1,3,1,1
NA,1,3,1,1
NA,98,5,1,3
5,98,7,1,1
5,2,7,1,1
5,2,1,1,1
5,4,5,1,1
5,1,3,1,1
5,99,5,1,1
1,98,5,1,1
5,98,7,1,5
5,96,7,1,7
5,98,7,1,1
5,98,7,1,1
5,98,1,1,1
5,2,5,2,1
5,3,7,5,1
5,99,5,1,7
5,98,3,1,1
NA,4,7,1,1
5,2,7,1,1
NA,4,7,1,1
1,1,1,1,1
5,3,7,1,1
5,4,5,1,1
5,3,3,1,3
1,1,3,1,1
NA,4,3,1,1
1,1,5,1,1
1,3,8,1,1
5,98,5,2,1
5,98,3,1,1
NA,2,3,1,7
5,0,7,1,1
5,2,7,1,1
5,4,7,2,1
5,1,5,1,1
5,98,7,1,1
5,4,5,1,1
5,3,3,1,1
1,98,5,1,3
1,98,7,1,1
5,4,7,1,1
1,1,7,1,7
5,1,7,1,1
5,2,5,1,1
5,1,3,1,1
5,1,7,1,1
5,99,7,4,1
5,0,7,1,1
5,1,7,1,1
5,4,7,1,1
5,4,7,1,1
1,98,7,1,1
5,3,7,1,1
5,1,3,1,1
5,98,7,1,1
1,4,3,2,1
1,98,5,1,1
5,98,5,1,1
5,98,7,1,1
5,98,7,1,3
5,98,7,1,1
5,3,3,1,1
5,4,7,1,1
1,1,7,2,1
5,98,5,1,1
5,98,7,1,3
5,0,7,1,1
1,4,3,1,1
5,4,5,1,1
NA,1,7,1,1
1,1,8,1,1
5,2,3,1,1
5,4,7,1,3
1,4,5,0,3
NA,2,5,17,1
1,4,5,1,5
5,98,3,1,1
5,2,7,1,1
1,98,7,1,1
5,4,7,1,3
1,99,3,1,1
NA,98,7,1,1
5,98,7,1,3
5,98,5,16,3
NA,97,1,2,1
5,98,7,5,1
5,2,7,16,3
1,2,3,1,1
5,2,5,1,1
5,3,7,14,1
1,4,7,1,1
5,0,3,1,3
NA,98,7,8,1
5,1,7,1,1
1,98,7,20,1
1,2,7,1,1
NA,0,3,1,1
1,98,7,1,3
5,4,7,16,1
5,2,3,14,1
5,98,7,1,1
5,2,7,1,1
5,2,5,1,3
5,98,5,1,1
1,2,7,1,1
1,4,5,2,1
5,4,5,1,1
5,3,5,1,1
5,0,7,1,7
5,2,7,1,1
5,2,3,1,1
5,98,7,14,1
5,98,3,1,1
5,98,3,1,1
1,4,7,1,1
NA,4,7,1,1
5,4,5,1,1
5,3,3,18,1
1,2,7,15,3
5,97,7,1,7
5,4,5,1,1
5,98,7,1,1
NA,98,7,1,1
5,4,7,1,1
1,4,7,1,1
1,4,7,1,1
1,4,7,1,1
1,2,5,1,1
1,98,3,1,1
1,2,5,1,1
NA,4,7,1,1
5,2,7,15,1
5,1,1,2,1
5,1,7,1,1
NA,99,7,15,1
5,0,7,13,1
1,2,7,1,1
5,98,7,1,1
5,2,3,1,3
5,2,7,1,1
5,98,5,1,1
1,98,5,1,1
5,4,7,1,1
1,4,5,17,1
5,98,7,1,3
NA,3,7,1,3
5,98,1,1,1
5,3,3,6,1
5,3,7,1,1
5,2,7,1,1
1,4,5,1,1
5,2,7,1,1
NA,4,7,1,1
5,4,7,1,1
5,4,7,1,1
5,2,3,14,1
5,98,7,1,1
5,4,3,1,1
5,98,5,2,1
5,0,7,2,1
5,3,7,2,1
1,98,7,14,1
1,99,3,1,1
1,4,5,1,1
5,1,5,1,1
5,3,5,2,1
5,2,5,1,1
5,4,5,1,1
1,4,7,1,1
1,98,5,1,1
5,1,7,1,1
NA,2,5,1,1
1,2,3,1,1
1,2,7,1,1
5,98,3,1,1
5,2,5,1,1
1,4,7,1,1
1,98,7,1,3
5,4,7,1,1
1,2,5,1,1
NA,4,7,1,1
5,3,7,1,1
1,4,7,1,1
5,4,3,1,1
5,4,3,1,1
1,4,7,1,5
5,3,7,8,1
1,98,7,1,7
5,2,7,1,1
5,98,7,1,3
1,99,7,1,7
5,1,5,1,1
NA,2,7,1,1
1,3,7,12,1
5,4,1,1,1
5,1,5,1,1
5,4,7,1,1
5,97,7,1,1
5,4,3,1,1
5,1,7,1,1
1,98,7,1,1
1,2,5,1,1
5,98,7,14,1
5,3,5,1,1
5,99,3,1,1
1,98,7,1,8
5,1,5,1,1
5,98,7,1,1
5,0,7,1,1
1,98,3,1,1
1,98,5,1,1
5,2,5,1,1
NA,1,5,21,1
1,2,5,1,1
1,98,5,1,1
5,2,5,1,1
5,4,7,1,1
5,0,7,6,1
1,98,7,16,1
5,98,7,17,1
5,99,7,99,1
5,2,5,1,3
1,2,7,1,1
5,98,5,1,1
1,4,5,1,1
NA,1,7,1,1
5,98,3,1,1
1,98,3,2,1
1,3,5,12,1
NA,2,7,2,1
5,98,7,1,3
5,3,3,1,3
5,98,5,1,7
5,4,5,1,3
5,2,5,1,1
5,1,3,1,3
5,1,5,1,3
5,2,1,NA,1
5,98,8,NA,3
NA,NA,NA,NA,NA
5,2,5,NA,1
5,2,3,NA,1
5,98,5,NA,1
5,1,3,NA,1
5,98,3,NA,1
5,98,1,NA,1
NA,1,3,NA,1
NA,NA,NA,NA,NA
NA,NA,NA,NA,NA
5,98,3,NA,1
5,98,3,NA,1
5,2,5,NA,1
NA,NA,NA,NA,NA
NA,NA,NA,NA,NA
NA,NA,NA,NA,NA
5,98,7,NA,1
1,2,5,NA,1
1,1,3,NA,1
1,98,7,NA,1
5,1,3,NA,1
5,2,3,NA,1
5,1,7,NA,1
1,2,7,NA,1
NA,NA,NA,NA,NA
5,2,3,NA,1
5,2,7,NA,1
1,2,7,NA,3
NA,NA,NA,NA,NA
NA,3,7,NA,1
NA,NA,NA,NA,NA
NA,NA,NA,NA,NA
NA,NA,NA,NA,NA
NA,NA,NA,NA,NA
NA,NA,NA,NA,NA
NA,NA,NA,NA,NA
NA,NA,NA,NA,NA
NA,NA,NA,NA,NA
NA,NA,NA,NA,NA
5,98,7,NA,1
NA,NA,NA,NA,NA
5,2,3,NA,1
NA,NA,NA,NA,NA
NA,2,5,NA,1
5,98,3,NA,1
NA,NA,NA,NA,NA
NA,NA,NA,NA,NA
NA,NA,NA,NA,NA
5,4,7,NA,1
NA,NA,NA,NA,NA
NA,NA,NA,NA,NA
NA,NA,NA,NA,NA
5,2,7,NA,7
NA,NA,NA,NA,NA
5,98,7,NA,3
5,98,7,NA,1
NA,NA,NA,NA,NA
5,1,3,NA,1
5,2,7,NA,1
NA,NA,NA,NA,NA
NA,1,3,NA,1
5,2,7,NA,1
1,2,7,NA,3
NA,NA,NA,NA,NA
NA,NA,NA,NA,NA
NA,NA,NA,NA,NA
5,99,7,NA,1
5,99,7,NA,1
5,4,7,NA,7
5,1,7,NA,3
NA,2,7,NA,1
5,0,5,NA,1
NA,NA,NA,NA,NA
NA,NA,NA,NA,NA
5,4,7,NA,1
5,2,3,NA,1
1,1,5,NA,1
5,2,7,NA,3
NA,NA,NA,NA,NA
NA,NA,NA,NA,NA
NA,NA,NA,NA,NA
5,2,3,NA,1
NA,NA,NA,NA,NA
NA,NA,NA,NA,NA
5,2,1,NA,1
NA,NA,NA,NA,NA
NA,NA,NA,NA,NA
1,1,1,NA,1
NA,98,7,NA,1
5,4,5,NA,1
5,99,3,NA,1
5,4,3,NA,1
5,1,7,NA,1
5,99,7,NA,7
5,2,5,NA,1
NA,NA,NA,NA,NA
NA,NA,NA,NA,NA
NA,NA,NA,NA,NA
5,1,3,NA,1
5,2,7,NA,1
NA,NA,NA,NA,NA
NA,NA,NA,NA,NA
5,1,3,NA,1
NA,2,5,NA,1
5,2,5,NA,1
NA,NA,NA,NA,NA
5,99,7,NA,1
5,98,7,NA,1
5,2,3,NA,1
5,2,3,NA,1
NA,NA,NA,NA,NA
NA,NA,NA,NA,NA
5,2,7,NA,1
1,1,7,NA,1
5,98,7,NA,1
1,2,7,NA,1
5,2,3,NA,1
NA,NA,NA,NA,NA
1,2,5,NA,1
5,2,3,NA,3
5,2,7,NA,7
5,3,5,NA,1
NA,NA,NA,NA,NA
5,1,7,NA,1
5,2,7,NA,1
5,2,7,NA,1
5,3,7,NA,1
5,3,7,NA,1
5,98,1,NA,1
5,99,7,NA,1
NA,NA,NA,NA,NA
5,4,3,NA,1
1,98,5,NA,3
5,2,7,NA,1
5,98,7,NA,1
5,2,3,NA,1
NA,NA,NA,NA,NA
NA,NA,NA,NA,NA
5,98,5,NA,1
NA,2,3,NA,1
5,2,7,NA,1
NA,98,7,NA,1
5,2,3,NA,1
5,2,3,NA,1
5,96,7,NA,7
NA,NA,NA,NA,NA
5,98,7,NA,1
5,1,5,NA,1
NA,NA,NA,NA,NA
5,96,5,NA,7
NA,98,7,NA,1
NA,NA,NA,NA,NA
5,4,1,NA,1
NA,NA,NA,NA,NA
NA,NA,NA,NA,NA
1,1,3,NA,1
NA,NA,NA,NA,NA
NA,NA,NA,NA,NA
1,2,3,NA,1
5,1,3,NA,5
5,2,7,NA,1
5,99,3,NA,1
NA,1,3,NA,1
5,3,7,NA,1
5,2,5,NA,1
NA,NA,NA,NA,NA
NA,NA,NA,NA,NA
5,98,7,NA,1
NA,NA,NA,NA,NA
5,98,1,NA,1
NA,NA,NA,NA,NA
5,98,5,NA,1
5,3,3,NA,1
NA,NA,NA,NA,NA
5,2,8,NA,1
5,98,7,NA,1
5,2,7,NA,1
NA,NA,NA,NA,NA
5,2,5,NA,1
5,1,5,NA,1
5,98,8,NA,1
1,2,7,NA,1
5,98,7,NA,1
NA,NA,NA,NA,NA
5,2,5,NA,1
NA,NA,NA,NA,NA
1,98,3,NA,1
5,1,7,NA,1
1,4,7,NA,7
1,2,5,NA,1
5,2,5,NA,1
NA,NA,NA,NA,NA
5,2,3,NA,1
NA,NA,NA,NA,NA
NA,NA,NA,NA,NA
5,2,5,NA,3
NA,2,5,NA,1
5,99,7,NA,1
5,1,5,NA,1
5,2,3,NA,3
5,2,5,NA,1
5,1,5,NA,1
NA,NA,NA,NA,NA
1,98,3,NA,1
NA,NA,NA,NA,NA
NA,NA,NA,NA,NA
5,2,7,NA,3
5,98,5,NA,1
5,98,7,NA,1
NA,NA,NA,NA,NA
NA,NA,NA,NA,NA
NA,NA,NA,NA,NA
NA,NA,NA,NA,NA
NA,NA,NA,NA,NA
NA,NA,NA,NA,NA
5,2,7,NA,7
5,98,5,NA,1
NA,NA,NA,NA,NA
5,98,7,NA,1
5,98,1,NA,1
5,99,3,NA,1
NA,NA,NA,NA,NA
5,98,5,NA,3
5,0,5,NA,3
5,98,7,NA,1
5,98,8,NA,8
NA,NA,NA,NA,NA
NA,98,7,NA,1
NA,NA,NA,NA,NA
1,5,5,NA,3
NA,NA,NA,NA,NA
1,5,7,NA,1
NA,NA,NA,NA,NA
5,5,7,NA,1
NA,NA,NA,NA,NA
NA,NA,NA,NA,NA
NA,NA,NA,NA,NA
1,0,7,NA,3
NA,NA,NA,NA,NA
NA,NA,NA,NA,NA
NA,NA,NA,NA,NA
5,98,8,NA,3
NA,5,7,NA,1
NA,NA,NA,NA,NA
1,2,7,NA,1
5,5,7,NA,1
NA,98,7,NA,5
NA,NA,NA,NA,NA
NA,98,5,NA,1
NA,NA,NA,NA,NA
NA,5,7,NA,1
NA,NA,NA,NA,NA
NA,NA,NA,NA,NA
NA,NA,NA,NA,NA
NA,NA,NA,NA,NA
NA,NA,NA,NA,NA
1,5,1,NA,3
5,0,7,NA,1
5,96,7,NA,9
1,5,7,NA,1
NA,NA,NA,NA,NA
NA,NA,NA,NA,NA
NA,NA,NA,NA,NA
NA,5,7,NA,1
NA,NA,NA,NA,NA
1,98,5,NA,1
1,5,1,NA,1
NA,1,8,NA,1
5,98,3,NA,1
NA,NA,NA,NA,NA
NA,5,7,NA,1
NA,NA,NA,NA,NA
NA,NA,NA,NA,NA
NA,NA,NA,NA,NA
NA,NA,NA,NA,NA
NA,NA,NA,NA,NA
NA,2,5,NA,1
1,5,7,NA,1
1,5,7,NA,1
NA,NA,NA,NA,NA
1,1,3,NA,3
NA,NA,NA,NA,NA
NA,NA,NA,NA,NA
NA,NA,NA,NA,NA
1,5,7,NA,1
5,2,3,NA,1
NA,5,7,NA,3
1,98,7,NA,1
NA,NA,NA,NA,NA
NA,NA,NA,NA,NA
NA,98,5,NA,3
NA,NA,NA,NA,NA
1,5,7,NA,1
NA,98,5,NA,1
1,96,7,NA,1
NA,NA,NA,NA,NA
NA,5,7,NA,1
NA,NA,NA,NA,NA
NA,NA,NA,NA,NA
NA,5,5,NA,1
NA,NA,NA,NA,NA
NA,NA,NA,NA,NA
1,98,7,NA,1
5,2,3,NA,1
NA,NA,NA,NA,NA
1,96,3,NA,5
5,5,7,NA,1
1,5,5,NA,1
NA,NA,NA,NA,NA
5,2,3,NA,1
5,5,7,NA,1
NA,NA,NA,NA,NA
NA,NA,NA,NA,NA
NA,NA,NA,NA,NA
NA,NA,NA,NA,NA
NA,5,5,NA,3
NA,NA,NA,NA,NA
NA,NA,NA,NA,NA
NA,NA,NA,NA,NA
1,5,7,NA,1
NA,NA,NA,NA,NA
NA,NA,NA,NA,NA
NA,NA,NA,NA,NA
5,98,7,NA,1
1,5,7,NA,1
NA,2,7,NA,1
1,5,3,NA,1
1,5,7,NA,1
1,2,7,NA,1
5,5,7,NA,1
NA,NA,NA,NA,NA
NA,NA,NA,NA,NA
1,98,3,NA,1
NA,NA,NA,NA,NA
NA,5,1,NA,1
1,98,7,NA,1
NA,NA,NA,NA,NA
5,5,5,NA,3
1,5,7,NA,3
NA,5,5,NA,1
NA,NA,NA,NA,NA
NA,NA,NA,NA,NA
NA,NA,NA,NA,NA
NA,2,7,NA,1
1,5,5,NA,1
NA,NA,NA,NA,NA
NA,NA,NA,NA,NA
1,1,7,NA,1
NA,NA,NA,NA,NA
1,5,7,NA,1
5,98,8,NA,1
NA,NA,NA,NA,NA
NA,NA,NA,NA,NA
NA,NA,NA,NA,NA
1,5,7,NA,1
5,5,7,NA,1
1,3,3,NA,7
NA,NA,NA,NA,NA
5,99,7,NA,3
NA,98,7,NA,1
NA,NA,NA,NA,NA
NA,NA,NA,NA,NA
NA,NA,NA,NA,NA
NA,NA,NA,NA,NA
NA,98,7,NA,1
1,5,7,NA,1
NA,NA,NA,NA,NA
NA,NA,NA,NA,NA
NA,NA,NA,NA,NA
NA,NA,NA,NA,NA
NA,NA,NA,NA,NA
NA,NA,NA,NA,NA
1,5,7,NA,1
NA,NA,NA,NA,NA
NA,NA,NA,NA,NA
NA,5,3,NA,1
5,2,5,NA,1
NA,98,7,NA,3
NA,NA,NA,NA,NA
NA,NA,NA,NA,NA
NA,NA,NA,NA,NA
NA,98,7,NA,3
5,1,3,NA,1
NA,NA,NA,NA,NA
NA,5,5,NA,1
5,98,7,NA,5
NA,5,5,NA,1
5,0,7,NA,1
NA,NA,NA,NA,NA
NA,NA,NA,NA,NA
NA,NA,NA,NA,NA
NA,5,5,NA,3
NA,NA,NA,NA,NA
NA,NA,NA,NA,NA
NA,5,7,NA,1
NA,NA,NA,NA,NA
1,97,7,NA,8
NA,NA,NA,NA,NA
1,96,3,NA,7
NA,NA,NA,NA,NA
NA,NA,NA,NA,NA
NA,NA,NA,NA,NA
NA,5,3,NA,3
NA,NA,NA,NA,NA
NA,5,7,NA,5
NA,NA,NA,NA,NA
5,1,5,NA,1
1,5,3,NA,1
5,1,3,NA,1
5,1,7,NA,1
NA,98,7,NA,1
5,5,7,NA,1
1,5,7,NA,1
1,98,7,NA,1
NA,NA,NA,NA,NA
1,98,7,NA,3
1,96,3,NA,7
5,98,7,NA,3
NA,1,5,NA,1
1,5,7,NA,1
1,98,3,NA,5
1,2,7,NA,7
NA,98,5,NA,1
1,5,7,NA,3
NA,NA,NA,NA,NA
5,5,5,NA,1
NA,NA,NA,NA,NA
NA,NA,NA,NA,NA
1,96,7,NA,3
5,98,7,NA,1
NA,NA,NA,NA,NA
5,1,5,NA,1
NA,5,7,NA,1
1,5,7,NA,1
NA,NA,NA,NA,NA
NA,NA,NA,NA,NA
1,98,5,NA,1
NA,NA,NA,NA,NA
NA,5,5,NA,1
1,2,5,NA,1
NA,NA,NA,NA,NA
NA,98,5,NA,1
NA,5,7,NA,1
5,1,3,NA,1
1,5,7,NA,1
1,2,3,NA,1
NA,NA,NA,NA,NA
NA,NA,NA,NA,NA
1,2,3,NA,1
1,1,7,NA,7
NA,NA,NA,NA,NA
NA,NA,NA,NA,NA
NA,1,3,NA,1
NA,NA,NA,NA,NA
NA,NA,NA,NA,NA
NA,NA,NA,NA,NA
NA,NA,NA,NA,NA
NA,98,5,NA,1
NA,NA,NA,NA,NA
5,5,3,NA,3
NA,NA,NA,NA,NA
NA,NA,NA,NA,NA
5,2,7,NA,1
NA,NA,NA,NA,NA
NA,NA,NA,NA,NA
NA,NA,NA,NA,NA
NA,NA,NA,NA,NA
NA,NA,NA,NA,NA
NA,5,5,NA,1
1,5,7,NA,7
1,98,7,NA,1
NA,96,5,NA,7
1,96,5,NA,5
NA,2,7,NA,1
NA,99,3,NA,1
NA,NA,NA,NA,NA
NA,NA,NA,NA,NA
5,2,7,NA,1
NA,5,3,NA,1
5,5,3,NA,1
5,5,1,NA,1
NA,98,5,NA,1
5,2,5,NA,1
NA,NA,NA,NA,NA
NA,NA,NA,NA,NA
NA,NA,NA,NA,NA
NA,98,5,NA,1
1,5,1,NA,1
NA,NA,NA,NA,NA
1,1,3,NA,1
NA,98,5,NA,3
NA,NA,NA,NA,NA
NA,NA,NA,NA,NA
1,98,3,NA,1
NA,NA,NA,NA,NA
NA,NA,NA,NA,NA
5,2,7,NA,1
5,5,7,NA,1
1,5,7,NA,1
NA,98,7,NA,3
NA,NA,NA,NA,NA
NA,NA,NA,NA,NA
NA,NA,NA,NA,NA
1,5,3,NA,1
NA,NA,NA,NA,NA
NA,NA,NA,NA,NA
1,5,7,NA,1
NA,NA,NA,NA,NA
NA,NA,NA,NA,NA
NA,NA,NA,NA,NA
NA,NA,NA,NA,NA
NA,NA,NA,NA,NA
NA,NA,NA,NA,NA
NA,5,7,NA,1
NA,98,7,NA,3
1,5,7,NA,3
NA,NA,NA,NA,NA
NA,NA,NA,NA,NA
NA,NA,NA,NA,NA
NA,NA,NA,NA,NA
NA,NA,NA,NA,NA
NA,NA,NA,NA,NA
1,5,7,NA,1
NA,NA,NA,NA,NA
NA,NA,NA,NA,NA
5,2,7,NA,1
NA,NA,NA,NA,NA
NA,98,5,NA,1
NA,NA,NA,NA,NA
NA,NA,NA,NA,NA
NA,NA,NA,NA,NA
NA,NA,NA,NA,NA
NA,5,8,NA,3
NA,NA,NA,NA,NA
NA,NA,NA,NA,NA
NA,NA,NA,NA,NA
1,5,3,NA,1
NA,5,3,NA,1
1,1,7,NA,8
NA,NA,NA,NA,NA
NA,2,7,NA,3
5,98,7,NA,1
NA,NA,NA,NA,NA
NA,NA,NA,NA,NA
NA,NA,NA,NA,NA
1,5,3,NA,1
1,5,7,NA,1
NA,NA,NA,NA,NA
NA,NA,NA,NA,NA
5,2,3,NA,1
NA,98,7,NA,3
NA,NA,NA,NA,NA
NA,NA,NA,NA,NA
1,5,7,NA,1
NA,NA,NA,NA,NA
NA,NA,NA,NA,NA
NA,NA,NA,NA,NA
1,5,7,NA,1
NA,98,5,NA,3
NA,NA,NA,NA,NA
NA,NA,NA,NA,NA
1,5,7,NA,3
1,5,5,NA,1
1,5,5,NA,1
NA,NA,NA,NA,NA
NA,NA,NA,NA,NA
NA,5,7,NA,1
NA,NA,NA,NA,NA
5,5,5,NA,3
1,4,7,NA,1
1,5,7,NA,1
NA,NA,NA,NA,NA
NA,NA,NA,NA,NA
NA,NA,NA,NA,NA
NA,98,5,NA,1
NA,NA,NA,NA,NA
NA,1,5,NA,3
NA,NA,NA,NA,NA
5,98,7,NA,1
5,5,1,NA,1
NA,2,7,NA,1
NA,NA,NA,NA,NA
5,98,3,NA,1
NA,NA,NA,NA,NA
1,5,7,NA,1
NA,5,3,NA,1
NA,5,7,NA,1
1,2,7,NA,1
NA,2,5,NA,1
NA,NA,NA,NA,NA
NA,NA,NA,NA,NA
NA,NA,NA,NA,NA
NA,NA,NA,NA,NA
NA,NA,NA,NA,NA
1,98,7,NA,1
NA,NA,NA,NA,NA
NA,98,7,NA,1
NA,NA,NA,NA,NA
NA,NA,NA,NA,NA
5,5,7,NA,1
5,5,7,NA,1
NA,NA,NA,NA,NA
1,98,5,NA,1
NA,NA,NA,NA,NA
NA,NA,NA,NA,NA
NA,NA,NA,NA,NA
NA,NA,NA,NA,NA
1,1,1,NA,1
1,5,7,NA,1
NA,NA,NA,NA,NA
1,98,5,NA,3
1,2,5,NA,1
5,0,1,NA,1
NA,NA,NA,NA,NA
1,5,7,NA,1
NA,NA,NA,NA,NA
NA,NA,NA,NA,NA
NA,NA,NA,NA,NA
5,5,7,NA,1
NA,5,5,NA,1
NA,NA,NA,NA,NA
1,5,7,NA,1
NA,NA,NA,NA,NA
5,1,1,NA,1
1,5,5,NA,1
NA,98,3,NA,1
NA,NA,NA,NA,NA
NA,NA,NA,NA,NA
NA,NA,NA,NA,NA
1,1,7,NA,1
NA,NA,NA,NA,NA
5,5,7,NA,1
NA,NA,NA,NA,NA
5,5,3,NA,1
5,98,5,NA,1
5,2,7,NA,1
NA,NA,NA,NA,NA
NA,NA,NA,NA,NA
NA,NA,NA,NA,NA
NA,98,5,NA,8
NA,5,5,NA,1
NA,NA,NA,NA,NA
1,5,7,NA,7
NA,1,5,NA,1
NA,98,7,NA,3
NA,NA,NA,NA,NA
5,98,7,NA,1
1,1,1,NA,1
NA,2,7,NA,1
NA,NA,NA,NA,NA
NA,NA,NA,NA,NA
NA,NA,NA,NA,NA
NA,1,5,NA,1
NA,NA,NA,NA,NA
NA,NA,NA,NA,NA
NA,5,1,NA,1
NA,2,7,NA,3
NA,NA,NA,NA,NA
NA,5,5,NA,1
NA,NA,NA,NA,NA
NA,NA,NA,NA,NA
NA,NA,NA,NA,NA
NA,5,7,NA,1
NA,NA,NA,NA,NA
1,1,5,NA,1
5,98,5,NA,3
NA,NA,NA,NA,NA
NA,NA,NA,NA,NA
NA,NA,NA,NA,NA
NA,NA,NA,NA,NA
1,1,3,NA,1
1,5,7,NA,1
1,5,7,NA,1
NA,2,7,NA,3
NA,NA,NA,NA,NA
NA,98,3,NA,3
NA,NA,NA,NA,NA
NA,NA,NA,NA,NA
NA,5,7,NA,3
NA,NA,NA,NA,NA
NA,5,7,NA,3
NA,NA,NA,NA,NA
1,5,3,NA,1
NA,98,5,NA,1
NA,5,7,NA,3
5,2,7,NA,7
NA,NA,NA,NA,NA
NA,NA,NA,NA,NA
NA,5,3,NA,1
1,5,1,NA,1
5,5,7,NA,1
NA,NA,NA,NA,NA
NA,NA,NA,NA,NA
NA,NA,NA,NA,NA
NA,98,7,NA,1
NA,NA,NA,NA,NA
NA,NA,NA,NA,NA
1,1,1,NA,3
NA,2,5,NA,1
1,1,1,NA,3
5,5,7,NA,1
NA,NA,NA,NA,NA
NA,NA,NA,NA,NA
NA,98,7,NA,1
NA,NA,NA,NA,NA
5,1,5,NA,1
NA,NA,NA,NA,NA
NA,NA,NA,NA,NA
1,2,7,NA,1
NA,NA,NA,NA,NA
1,98,7,NA,1
NA,NA,NA,NA,NA
NA,NA,NA,NA,NA
1,0,7,NA,1
NA,98,3,NA,1
5,98,5,NA,1
NA,NA,NA,NA,NA
NA,NA,NA,NA,NA
NA,NA,NA,NA,NA
NA,NA,NA,NA,NA
1,2,7,NA,3
NA,NA,NA,NA,NA
NA,5,7,NA,1
NA,NA,NA,NA,NA
5,5,7,NA,1
NA,NA,NA,NA,NA
1,5,7,NA,1
NA,NA,NA,NA,NA
5,98,7,NA,1
NA,2,3,NA,1
NA,2,7,NA,3
NA,NA,NA,NA,NA
NA,NA,NA,NA,NA
1,98,7,NA,3
1,5,7,NA,1
NA,NA,NA,NA,NA
NA,99,5,NA,3
1,2,3,NA,1
NA,NA,NA,NA,NA
NA,NA,NA,NA,NA
NA,NA,NA,NA,NA
5,2,7,NA,1
NA,98,5,NA,1
NA,NA,NA,NA,NA
NA,NA,NA,NA,NA
1,5,7,NA,1
NA,NA,NA,NA,NA
NA,NA,NA,NA,NA
NA,NA,NA,NA,NA
NA,NA,NA,NA,NA
1,5,5,NA,1
1,1,7,NA,3
5,98,7,NA,1
NA,NA,NA,NA,NA
1,5,7,NA,1
1,1,7,NA,3
NA,NA,NA,NA,NA
NA,NA,NA,NA,NA
5,3,7,NA,3
NA,NA,NA,NA,NA
1,98,7,NA,3
NA,NA,NA,NA,NA
NA,98,5,NA,1
NA,NA,NA,NA,NA
1,2,5,NA,1
1,5,5,NA,1
1,5,7,NA,1
NA,NA,NA,NA,NA
5,5,3,NA,3
NA,5,3,NA,1
5,5,3,NA,1
NA,NA,NA,NA,NA
1,98,7,NA,1
NA,NA,NA,NA,NA
NA,NA,NA,NA,NA
NA,NA,NA,NA,NA
1,1,3,NA,1
1,5,3,NA,1
5,2,7,NA,1
NA,NA,NA,NA,NA
NA,NA,NA,NA,NA
5,97,5,NA,3
NA,NA,NA,NA,NA
NA,NA,NA,NA,NA
NA,NA,NA,NA,NA
5,98,7,NA,1
NA,NA,NA,NA,NA
NA,NA,NA,NA,NA
NA,NA,NA,NA,NA
5,5,7,NA,1
NA,NA,NA,NA,NA
NA,NA,NA,NA,NA
NA,NA,NA,NA,NA
5,5,7,NA,1
5,1,3,NA,1
1,5,5,NA,1
NA,NA,NA,NA,NA
NA,NA,NA,NA,NA
NA,NA,NA,NA,NA
NA,NA,NA,NA,NA
NA,NA,NA,NA,NA
NA,NA,NA,NA,NA
NA,NA,NA,NA,NA
NA,5,7,NA,1
NA,96,7,NA,1
1,1,7,NA,1
5,1,5,NA,1
NA,NA,NA,NA,NA
NA,NA,NA,NA,NA
1,98,5,NA,1
NA,1,5,NA,3
1,99,5,NA,1
NA,1,3,NA,3
NA,5,3,NA,1
NA,NA,NA,NA,NA
NA,NA,NA,NA,NA
NA,NA,NA,NA,NA
NA,2,3,NA,1
NA,98,7,NA,1
NA,NA,NA,NA,NA
NA,NA,NA,NA,NA
5,5,7,NA,5
1,1,7,NA,1
NA,NA,NA,NA,NA
NA,NA,NA,NA,NA
1,1,3,NA,1
5,2,7,NA,1
5,5,7,NA,1
1,5,5,NA,1
5,5,7,NA,1
5,5,7,NA,1
NA,NA,NA,NA,NA
NA,NA,NA,NA,NA
5,5,5,NA,1
NA,5,5,NA,1
NA,NA,NA,NA,NA
NA,2,5,NA,1
NA,5,5,NA,1
NA,NA,NA,NA,NA
NA,NA,NA,NA,NA
NA,NA,NA,NA,NA
NA,NA,NA,NA,NA
NA,98,5,NA,1
1,2,7,NA,5
1,5,5,NA,1
NA,NA,NA,NA,NA
1,96,5,NA,1
NA,NA,NA,NA,NA
1,98,7,NA,1
NA,NA,NA,NA,NA
1,0,7,NA,3
1,5,5,NA,1
NA,5,7,NA,1
5,5,7,NA,1
NA,NA,NA,NA,NA
5,5,3,NA,1
5,1,3,NA,1
5,5,7,NA,1
NA,5,7,NA,5
1,5,7,NA,7
5,2,7,NA,1
NA,NA,NA,NA,NA
NA,NA,NA,NA,NA
5,98,1,NA,1
NA,NA,NA,NA,NA
NA,5,3,NA,1
1,5,7,NA,1
1,5,7,NA,1
NA,98,7,NA,1
NA,NA,NA,NA,NA
1,98,3,NA,1
NA,98,3,NA,1
NA,NA,NA,NA,NA
5,5,7,NA,1
1,1,7,NA,1
NA,98,3,NA,1
NA,NA,NA,NA,NA
NA,NA,NA,NA,NA
NA,NA,NA,NA,NA
5,5,1,NA,1
NA,NA,NA,NA,NA
5,5,7,NA,1
NA,NA,NA,NA,NA
NA,NA,NA,NA,NA
1,98,7,NA,1
NA,NA,NA,NA,NA
1,2,7,NA,1
5,5,3,NA,1
5,5,5,NA,1
5,5,1,NA,1
5,96,7,NA,7
NA,NA,NA,NA,NA
NA,NA,NA,NA,NA
NA,NA,NA,NA,NA
NA,5,5,NA,1
NA,98,5,NA,1
NA,NA,NA,NA,NA
5,5,7,NA,3
NA,NA,NA,NA,NA
NA,NA,NA,NA,NA
NA,1,5,NA,3
NA,NA,NA,NA,NA
NA,NA,NA,NA,NA
NA,NA,NA,NA,NA
NA,NA,NA,NA,NA
NA,NA,NA,NA,NA
NA,NA,NA,NA,NA
5,5,7,NA,1
NA,NA,NA,NA,NA
NA,NA,NA,NA,NA
NA,NA,NA,NA,NA
1,5,5,NA,3
NA,NA,NA,NA,NA
5,2,5,NA,3
NA,NA,NA,NA,NA
NA,5,3,NA,1
NA,NA,NA,NA,NA
1,98,7,NA,1
NA,NA,NA,NA,NA
NA,98,7,NA,8
1,5,7,NA,1
1,0,7,NA,1
NA,NA,NA,NA,NA
1,2,3,NA,1
1,0,7,NA,1
NA,NA,NA,NA,NA
NA,NA,NA,NA,NA
NA,NA,NA,NA,NA
NA,NA,NA,NA,NA
NA,NA,NA,NA,NA
1,2,5,NA,1
NA,NA,NA,NA,NA
NA,NA,NA,NA,NA
1,99,7,NA,1
1,5,7,NA,1
NA,NA,NA,NA,NA
NA,NA,NA,NA,NA
5,2,7,NA,3
NA,NA,NA,NA,NA
NA,NA,NA,NA,NA
NA,2,7,NA,1
5,5,7,NA,3
NA,0,7,NA,3
1,98,5,NA,1
NA,NA,NA,NA,NA
1,98,7,NA,1
NA,98,1,NA,1
1,5,3,NA,1
1,2,7,NA,1
NA,98,3,NA,1
NA,NA,NA,NA,NA
1,1,5,NA,1
NA,NA,NA,NA,NA
NA,NA,NA,NA,NA
1,5,3,NA,1
NA,NA,NA,NA,NA
1,97,8,NA,8
NA,NA,NA,NA,NA
NA,NA,NA,NA,NA
NA,NA,NA,NA,NA
NA,NA,NA,NA,NA
NA,NA,NA,NA,NA
1,5,7,NA,1
5,98,5,NA,3
NA,NA,NA,NA,NA
NA,2,7,NA,1
1,1,5,NA,1
1,5,7,NA,1
NA,0,7,NA,1
NA,5,5,NA,1
1,98,5,NA,1
1,98,5,NA,1
NA,NA,NA,NA,NA
1,3,5,NA,1
NA,NA,NA,NA,NA
NA,NA,NA,NA,NA
NA,NA,NA,NA,NA
NA,NA,NA,NA,NA
1,99,7,NA,1
5,5,5,NA,3
5,5,7,NA,1
NA,NA,NA,NA,NA
5,2,7,NA,1
NA,NA,NA,NA,NA
NA,NA,NA,NA,NA
1,5,5,NA,3
NA,NA,NA,NA,NA
NA,NA,NA,NA,NA
NA,NA,NA,NA,NA
1,5,3,NA,1
NA,NA,NA,NA,NA
1,99,1,NA,1
NA,NA,NA,NA,NA
NA,NA,NA,NA,NA
NA,NA,NA,NA,NA
1,1,7,NA,1
NA,NA,NA,NA,NA
NA,NA,NA,NA,NA
5,5,5,NA,1
NA,NA,NA,NA,NA
NA,NA,NA,NA,NA
NA,NA,NA,NA,NA
NA,5,7,NA,1
NA,NA,NA,NA,NA
1,97,8,NA,7
NA,NA,NA,NA,NA
NA,98,5,NA,1
NA,NA,NA,NA,NA
1,98,3,NA,1
NA,99,7,NA,1
NA,98,7,NA,3
1,98,7,NA,1
NA,98,3,NA,8
1,5,1,NA,1
NA,NA,NA,NA,NA
1,98,3,NA,1
NA,NA,NA,NA,NA
1,5,7,NA,1
1,98,5,NA,1
NA,NA,NA,NA,NA
NA,NA,NA,NA,NA
1,5,7,NA,3
NA,NA,NA,NA,NA
NA,NA,NA,NA,NA
NA,NA,NA,NA,NA
NA,NA,NA,NA,NA
1,3,5,NA,1
NA,NA,NA,NA,NA
NA,NA,NA,NA,NA
NA,NA,NA,NA,NA
NA,2,3,NA,1
5,98,5,NA,1
NA,NA,NA,NA,NA
NA,1,5,NA,1
1,5,7,NA,1
1,1,3,NA,1
NA,NA,NA,NA,NA
1,98,7,NA,1
5,5,3,NA,1
NA,98,5,NA,1
NA,3,3,NA,5
1,98,7,NA,1
5,5,7,NA,7
NA,NA,NA,NA,NA
NA,NA,NA,NA,NA
NA,NA,NA,NA,NA
1,5,7,NA,1
NA,NA,NA,NA,NA
NA,5,5,NA,3
NA,NA,NA,NA,NA
NA,NA,NA,NA,NA
1,5,7,NA,1
NA,NA,NA,NA,NA
1,5,5,NA,1
5,2,5,NA,1
NA,NA,NA,NA,NA
1,5,3,NA,3
1,5,7,NA,1
5,5,7,NA,3
1,5,5,NA,1
NA,NA,NA,NA,NA
NA,NA,NA,NA,NA
1,1,3,NA,1
5,5,7,NA,1
1,0,3,NA,3
NA,NA,NA,NA,NA
NA,NA,NA,NA,NA
1,98,5,NA,1
NA,NA,NA,NA,NA
NA,NA,NA,NA,NA
NA,NA,NA,NA,NA
NA,NA,NA,NA,NA
NA,NA,NA,NA,NA
NA,2,5,NA,1
NA,5,7,NA,1
NA,98,7,NA,1
NA,NA,NA,NA,NA
NA,NA,NA,NA,NA
NA,NA,NA,NA,NA
1,5,7,NA,1
1,5,7,NA,3
NA,NA,NA,NA,NA
NA,5,5,NA,1
1,5,5,NA,1
NA,NA,NA,NA,NA
1,99,5,NA,1
1,2,7,NA,3
NA,NA,NA,NA,NA
NA,NA,NA,NA,NA
NA,5,3,NA,1
1,5,7,NA,3
NA,NA,NA,NA,NA
NA,5,7,NA,7
1,5,5,NA,1
NA,NA,NA,NA,NA
NA,5,7,NA,1
NA,NA,NA,NA,NA
NA,NA,NA,NA,NA
NA,NA,NA,NA,NA
NA,99,7,NA,1
NA,NA,NA,NA,NA
NA,NA,NA,NA,NA
NA,NA,NA,NA,NA
1,5,7,NA,1
1,2,5,NA,1
5,2,7,NA,1
1,2,7,NA,1
NA,NA,NA,NA,NA
1,5,7,NA,1
5,1,3,NA,1
1,98,7,NA,1
5,98,7,NA,7
NA,NA,NA,NA,NA
NA,NA,NA,NA,NA
NA,96,7,NA,1
1,2,7,NA,1
NA,NA,NA,NA,NA
1,5,5,NA,1
NA,NA,NA,NA,NA
1,5,5,NA,1
5,5,1,NA,1
NA,NA,NA,NA,NA
NA,NA,NA,NA,NA
NA,NA,NA,NA,NA
5,99,5,NA,1
5,5,7,NA,1
NA,NA,NA,NA,NA
1,98,7,NA,1
1,1,7,NA,1
1,2,3,NA,1
NA,NA,NA,NA,NA
NA,NA,NA,NA,NA
NA,NA,NA,NA,NA
5,2,5,NA,1
NA,NA,NA,NA,NA
5,2,7,NA,1
NA,NA,NA,NA,NA
NA,NA,NA,NA,NA
NA,NA,NA,NA,NA
NA,NA,NA,NA,NA
5,4,7,NA,1
NA,NA,NA,NA,NA
5,2,7,NA,1
NA,NA,NA,NA,NA
5,1,7,NA,1
NA,3,7,NA,1
NA,NA,NA,NA,NA
NA,NA,NA,NA,NA
5,98,7,NA,1
NA,NA,NA,NA,NA
NA,NA,NA,NA,NA
5,98,3,NA,1
NA,NA,NA,NA,NA
NA,1,3,NA,5
NA,NA,NA,NA,NA
5,98,7,NA,1
5,1,3,NA,1
1,98,7,NA,1
5,98,3,NA,1
5,1,5,NA,1
5,2,3,NA,1
NA,NA,NA,NA,NA
5,1,7,NA,3
5,4,5,NA,1
5,99,7,NA,1
5,2,3,NA,1
5,2,1,NA,1
5,4,7,NA,1
NA,NA,NA,NA,NA
NA,NA,NA,NA,NA
1,2,5,NA,1
NA,NA,NA,NA,NA
NA,NA,NA,NA,NA
5,2,7,NA,1
NA,NA,NA,NA,NA
5,2,5,NA,1
NA,NA,NA,NA,NA
NA,NA,NA,NA,NA
5,98,5,NA,7
5,4,7,NA,1
NA,NA,NA,NA,NA
5,2,7,NA,1
NA,NA,NA,NA,NA
NA,NA,NA,NA,NA
5,98,7,NA,1
NA,NA,NA,NA,NA
NA,NA,NA,NA,NA
NA,NA,NA,NA,NA
NA,NA,NA,NA,NA
5,98,7,NA,1
5,1,3,NA,1
5,4,3,NA,1
NA,NA,NA,NA,NA
NA,NA,NA,NA,NA
NA,NA,NA,NA,NA
NA,98,5,NA,1
NA,NA,NA,NA,NA
NA,NA,NA,NA,NA
5,98,7,NA,1
5,2,3,NA,1
5,4,5,NA,1
NA,NA,NA,NA,NA
NA,NA,NA,NA,NA
5,98,5,NA,1
NA,NA,NA,NA,NA
NA,NA,NA,NA,NA
1,2,7,NA,1
5,2,7,NA,3
NA,2,5,NA,1
NA,NA,NA,NA,NA
NA,NA,NA,NA,NA
NA,NA,NA,NA,NA
NA,NA,NA,NA,NA
5,98,5,NA,3
NA,NA,NA,NA,NA
5,97,5,NA,7
5,4,3,NA,1
5,3,5,NA,5
5,1,5,NA,1
5,4,5,NA,1
5,98,8,NA,1
NA,NA,NA,NA,NA
NA,NA,NA,NA,NA
5,1,3,NA,1
1,2,7,NA,1
1,97,7,NA,1
5,1,3,NA,1
5,2,7,NA,1
5,98,7,NA,3
5,1,5,NA,1
NA,NA,NA,NA,NA
5,2,5,NA,1
5,1,3,NA,1
5,2,5,NA,1
5,98,5,NA,1
5,98,5,NA,5
5,2,1,NA,1
NA,NA,NA,NA,NA
NA,NA,NA,NA,NA
NA,NA,NA,NA,NA
1,2,7,NA,1
5,2,3,NA,1
NA,NA,NA,NA,NA
1,98,1,NA,1
NA,NA,NA,NA,NA
5,4,7,NA,1
5,4,7,NA,1
NA,NA,NA,NA,NA
5,2,5,NA,1
NA,2,7,NA,3
NA,NA,NA,NA,NA
NA,NA,NA,NA,NA
NA,NA,NA,NA,NA
5,98,5,NA,1
NA,NA,NA,NA,NA
NA,NA,NA,NA,NA
NA,98,7,NA,1
5,98,8,NA,1
5,2,7,NA,1
5,0,7,NA,1
NA,NA,NA,NA,NA
1,2,7,NA,1
NA,NA,NA,NA,NA
5,4,5,NA,7
5,98,5,NA,1
NA,NA,NA,NA,NA
5,98,5,NA,1
NA,NA,NA,NA,NA
5,98,7,NA,5
5,98,7,NA,1
NA,NA,NA,NA,NA
5,3,7,NA,5
NA,NA,NA,NA,NA
NA,98,3,NA,1
NA,NA,NA,NA,NA
NA,NA,NA,NA,NA
NA,NA,NA,NA,NA
NA,NA,NA,NA,NA
NA,NA,NA,NA,NA
NA,NA,NA,NA,NA
5,2,7,NA,1
NA,NA,NA,NA,NA
NA,NA,NA,NA,NA
NA,NA,NA,NA,NA
NA,NA,NA,NA,NA
NA,NA,NA,NA,NA
5,2,5,NA,1
NA,NA,NA,NA,NA
1,2,5,NA,1
1,2,5,NA,1
5,98,7,NA,1
NA,98,7,NA,1
5,4,7,NA,1
5,2,7,NA,1
5,2,7,NA,3
NA,NA,NA,NA,NA
5,2,7,NA,1
5,98,5,NA,1
NA,NA,NA,NA,NA
1,1,5,NA,1
NA,NA,NA,NA,NA
5,2,3,NA,1
5,2,7,NA,1
5,0,7,NA,7
5,1,7,NA,3
NA,NA,NA,NA,NA
1,2,7,NA,3
5,2,3,NA,1
NA,NA,NA,NA,NA
NA,NA,NA,NA,NA
5,4,7,NA,1
5,1,1,NA,1
1,2,8,NA,7
5,98,7,NA,1
5,98,3,NA,1
NA,NA,NA,NA,NA
NA,NA,NA,NA,NA
5,2,7,NA,3
5,2,5,NA,1
NA,1,7,NA,1
5,2,7,NA,1
5,1,7,NA,1
NA,NA,NA,NA,NA
5,2,7,NA,8
NA,NA,NA,NA,NA
NA,0,5,NA,3
NA,NA,NA,NA,NA
NA,NA,NA,NA,NA
NA,NA,NA,NA,NA
5,98,7,NA,1
5,3,7,NA,1
NA,4,7,NA,7
5,98,5,NA,3
5,1,3,NA,1
5,2,7,NA,1
NA,NA,NA,NA,NA
NA,NA,NA,NA,NA
5,98,5,NA,1
5,2,5,NA,1
5,98,7,NA,1
5,4,5,NA,1
5,1,5,NA,1
NA,NA,NA,NA,NA
5,4,7,NA,3
5,2,7,NA,1
NA,NA,NA,NA,NA
NA,NA,NA,NA,NA
5,2,5,NA,3
5,1,7,NA,1
1,2,7,NA,1
NA,NA,NA,NA,NA
5,98,7,NA,1
NA,NA,NA,NA,NA
5,4,7,NA,1
5,4,5,NA,3
5,2,1,NA,1
NA,2,3,NA,1
5,2,7,NA,1
NA,NA,NA,NA,NA
NA,NA,NA,NA,NA
5,2,7,NA,1
NA,NA,NA,NA,NA
5,4,5,NA,1
1,2,7,NA,1
5,98,7,NA,1
NA,NA,NA,NA,NA
5,2,7,NA,1
NA,NA,NA,NA,NA
5,98,7,NA,1
5,1,1,NA,1
NA,NA,NA,NA,NA
NA,NA,NA,NA,NA
5,1,3,NA,1
5,4,3,NA,1
5,1,1,NA,1
5,3,7,NA,1
5,4,5,NA,1
5,0,7,NA,5
NA,NA,NA,NA,NA
NA,NA,NA,NA,NA
NA,NA,NA,NA,NA
5,98,7,NA,1
5,1,5,NA,1
1,2,5,NA,1
NA,NA,NA,NA,NA
NA,NA,NA,NA,NA
NA,NA,NA,NA,NA
NA,NA,NA,NA,NA
NA,NA,NA,NA,NA
5,4,7,NA,1
5,2,7,NA,1
NA,NA,NA,NA,NA
NA,2,3,NA,1
NA,NA,NA,NA,NA
5,98,3,NA,3
NA,NA,NA,NA,NA
1,2,3,NA,1
NA,NA,NA,NA,NA
5,98,1,NA,1
5,2,7,NA,1
5,98,5,NA,1
5,98,7,NA,3
NA,NA,NA,NA,NA
NA,NA,NA,NA,NA
5,3,5,NA,1
5,1,3,NA,1
NA,NA,NA,NA,NA
5,1,3,NA,1
5,4,7,NA,1
5,4,3,NA,1
5,1,1,NA,1
5,97,7,NA,7
5,2,7,NA,1
NA,NA,NA,NA,NA
5,2,7,NA,1
NA,NA,NA,NA,NA
5,1,7,NA,1
NA,NA,NA,NA,NA
5,2,7,NA,1
NA,1,3,NA,1
NA,NA,NA,NA,NA
5,99,3,NA,1
NA,NA,NA,NA,NA
1,2,7,NA,1
NA,NA,NA,NA,NA
5,1,7,NA,1
NA,NA,NA,NA,NA
1,2,7,NA,1
5,98,7,NA,1
5,1,3,NA,3
NA,NA,NA,NA,NA
NA,NA,NA,NA,NA
5,1,3,NA,1
NA,NA,NA,NA,NA
NA,NA,NA,NA,NA
NA,NA,NA,NA,NA
5,2,3,NA,1
NA,NA,NA,NA,NA
NA,NA,NA,NA,NA
5,2,7,NA,1
NA,NA,NA,NA,NA
NA,NA,NA,NA,NA
5,4,7,NA,1
NA,NA,NA,NA,NA
NA,3,5,NA,1
5,98,7,NA,1
5,1,1,NA,7
5,1,5,NA,1
NA,4,7,NA,3
5,98,7,NA,1
5,1,3,NA,1
NA,NA,NA,NA,NA
5,98,7,NA,1
NA,NA,NA,NA,NA
NA,NA,NA,NA,NA
1,98,1,NA,1
NA,NA,NA,NA,NA
5,2,5,NA,1
1,1,7,NA,1
5,98,5,NA,5
NA,NA,NA,NA,NA
NA,NA,NA,NA,NA
NA,NA,NA,NA,NA
NA,NA,NA,NA,NA
5,1,1,NA,1
5,1,7,NA,1
NA,NA,NA,NA,NA
5,2,7,NA,1
NA,NA,NA,NA,NA
5,2,7,NA,1
5,1,1,NA,1
NA,NA,NA,NA,NA
NA,NA,NA,NA,NA
5,98,3,NA,8
NA,NA,NA,NA,NA
5,99,5,NA,1
NA,NA,NA,NA,NA
NA,NA,NA,NA,NA
5,98,7,NA,1
NA,1,7,NA,1
5,2,3,NA,1
NA,NA,NA,NA,NA
5,2,7,NA,1
NA,NA,NA,NA,NA
NA,NA,NA,NA,NA
5,3,7,NA,1
5,0,3,NA,1
5,98,7,NA,1
NA,NA,NA,NA,NA
NA,NA,NA,NA,NA
5,4,7,NA,5
5,1,7,NA,1
NA,98,5,NA,3
NA,NA,NA,NA,NA
NA,NA,NA,NA,NA
NA,98,3,NA,1
5,2,7,NA,1
NA,NA,NA,NA,NA
NA,NA,NA,NA,NA
5,2,7,NA,1
NA,NA,NA,NA,NA
NA,NA,NA,NA,NA
5,3,5,NA,1
5,2,1,NA,1
NA,NA,NA,NA,NA
NA,2,7,NA,1
5,98,7,NA,1
NA,NA,NA,NA,NA
NA,NA,NA,NA,NA
NA,NA,NA,NA,NA
5,1,7,NA,1
5,1,3,NA,1
1,0,7,NA,1
NA,NA,NA,NA,NA
5,98,3,NA,3
NA,NA,NA,NA,NA
5,2,7,NA,1
NA,NA,NA,NA,NA
5,4,7,NA,1
5,1,5,NA,1
5,2,7,NA,3
NA,NA,NA,NA,NA
NA,NA,NA,NA,NA
NA,2,5,NA,3
5,98,1,NA,1
NA,1,5,NA,1
5,98,7,NA,1
NA,NA,NA,NA,NA
NA,NA,NA,NA,NA
5,2,7,NA,1
NA,NA,NA,NA,NA
5,1,3,NA,1
NA,NA,NA,NA,NA
NA,NA,NA,NA,NA
5,98,7,NA,1
NA,NA,NA,NA,NA
5,4,5,NA,1
NA,NA,NA,NA,NA
NA,NA,NA,NA,NA
5,1,5,NA,1
NA,NA,NA,NA,NA
1,98,3,NA,1
NA,NA,NA,NA,NA
NA,NA,NA,NA,NA
5,98,7,NA,1
NA,NA,NA,NA,NA
5,1,3,NA,1
5,98,5,NA,1
1,2,5,NA,1
NA,NA,NA,NA,NA
NA,NA,NA,NA,NA
NA,NA,NA,NA,NA
5,3,7,NA,1
5,1,5,NA,1
NA,1,7,NA,1
NA,NA,NA,NA,NA
NA,NA,NA,NA,NA
NA,NA,NA,NA,NA
NA,NA,NA,NA,NA
NA,NA,NA,NA,NA
5,1,5,NA,3
NA,1,5,NA,1
NA,NA,NA,NA,NA
NA,NA,NA,NA,NA
NA,NA,NA,NA,NA
NA,NA,NA,NA,NA
NA,NA,NA,NA,NA
5,4,7,NA,1
5,4,7,NA,1
NA,NA,NA,NA,NA
NA,NA,NA,NA,NA
NA,NA,NA,NA,NA
NA,NA,NA,NA,NA
NA,98,5,NA,1
1,2,3,NA,1
5,2,5,NA,3
5,2,1,NA,1
1,98,5,NA,1
5,2,7,NA,3
5,4,3,NA,1
NA,NA,NA,NA,NA
5,2,7,NA,1
NA,NA,NA,NA,NA
5,98,7,NA,3
5,1,7,NA,1
5,2,5,NA,1
NA,NA,NA,NA,NA
NA,NA,NA,NA,NA
NA,NA,NA,NA,NA
5,2,7,NA,1
NA,NA,NA,NA,NA
5,1,3,NA,1
5,98,5,NA,1
5,1,5,NA,1
NA,NA,NA,NA,NA
1,98,7,NA,1
NA,98,3,NA,1
5,2,5,NA,1
NA,NA,NA,NA,NA
5,2,7,NA,1
1,4,5,NA,1
NA,NA,NA,NA,NA
NA,NA,NA,NA,NA
5,1,7,NA,5
NA,NA,NA,NA,NA
NA,NA,NA,NA,NA
NA,NA,NA,NA,NA
NA,NA,NA,NA,NA
5,98,5,NA,3
5,4,7,NA,1
5,98,7,NA,3
1,0,8,NA,1
5,1,7,NA,1
NA,NA,NA,NA,NA
NA,NA,NA,NA,NA
5,97,5,NA,1
NA,NA,NA,NA,NA
5,2,7,NA,1
NA,NA,NA,NA,NA
5,98,5,NA,1
NA,NA,NA,NA,NA
NA,NA,NA,NA,NA
5,2,3,NA,1
1,2,7,NA,1
5,2,5,NA,1
NA,NA,NA,NA,NA
5,3,3,NA,1
NA,NA,NA,NA,NA
5,4,3,NA,1
1,2,5,NA,1
1,2,5,NA,1
5,1,7,NA,5
NA,NA,NA,NA,NA
NA,NA,NA,NA,NA
5,2,7,NA,1
NA,NA,NA,NA,NA
NA,NA,NA,NA,NA
NA,NA,NA,NA,NA
NA,NA,NA,NA,NA
NA,NA,NA,NA,NA
5,0,5,NA,3
5,3,7,NA,3
NA,NA,NA,NA,NA
1,2,5,NA,1
NA,NA,NA,NA,NA
5,4,7,NA,1
5,2,7,NA,3
1,1,3,NA,1
NA,NA,NA,NA,NA
NA,NA,NA,NA,NA
NA,NA,NA,NA,NA
5,1,5,NA,1
5,98,3,NA,1
5,1,7,NA,1
1,2,7,NA,1
NA,NA,NA,NA,NA
5,4,3,NA,1
NA,NA,NA,NA,NA
5,2,5,NA,1
5,2,3,NA,1
5,2,7,NA,1
NA,NA,NA,NA,NA
5,2,7,NA,3
5,3,3,NA,3
NA,NA,NA,NA,NA
5,2,7,NA,1
5,1,5,NA,1
5,4,7,NA,1
5,98,5,NA,1
5,1,3,NA,1
NA,NA,NA,NA,NA
5,1,1,NA,1
5,2,7,NA,1
1,1,7,NA,1
1,2,7,NA,1
NA,NA,NA,NA,NA
5,99,7,NA,1
NA,1,3,NA,1
NA,NA,NA,NA,NA
1,2,7,NA,1
5,98,7,NA,8
5,98,5,NA,7
5,2,7,NA,1
5,0,3,NA,1
5,98,7,NA,1
NA,NA,NA,NA,NA
5,4,7,NA,1
NA,1,1,NA,1
NA,3,7,NA,5
5,1,1,NA,7
5,98,7,NA,8
5,2,7,NA,3
5,1,7,NA,1
NA,NA,NA,NA,NA
NA,NA,NA,NA,NA
NA,NA,NA,NA,NA
1,98,7,NA,3
NA,NA,NA,NA,NA
NA,99,8,NA,1
5,2,7,NA,1
5,1,1,NA,1
5,4,3,NA,1
5,2,7,NA,1
5,2,7,NA,1
5,4,7,NA,1
NA,NA,NA,NA,NA
1,2,5,NA,1
5,2,5,NA,7
NA,NA,NA,NA,NA
1,1,7,NA,1
NA,NA,NA,NA,NA
NA,NA,NA,NA,NA
1,2,7,NA,7
5,1,5,NA,1
NA,NA,NA,NA,NA
5,3,5,NA,1
NA,NA,NA,NA,NA
5,1,3,NA,1
5,4,7,NA,1
1,4,3,NA,1
5,98,3,NA,1
NA,NA,NA,NA,NA
NA,NA,NA,NA,NA
5,98,3,NA,1
5,98,3,NA,5
5,2,5,NA,1
5,98,7,NA,5
5,1,5,NA,1
1,98,7,NA,1
5,99,7,NA,1
NA,3,7,NA,1
NA,98,3,NA,1
5,2,5,NA,1
5,98,7,NA,5
5,2,3,NA,1
NA,NA,NA,NA,NA
5,2,1,NA,1
NA,NA,NA,NA,NA
5,2,7,NA,1
NA,NA,NA,NA,NA
5,4,5,NA,1
5,3,7,NA,1
NA,NA,NA,NA,NA
NA,NA,NA,NA,NA
1,1,3,NA,1
5,98,7,NA,1
NA,2,7,NA,1
1,1,7,NA,1
NA,NA,NA,NA,NA
NA,NA,NA,NA,NA
5,3,5,NA,1
NA,NA,NA,NA,NA
1,4,5,NA,1
5,3,7,NA,1
1,2,7,NA,1
NA,NA,NA,NA,NA
5,3,5,NA,1
5,3,7,NA,1
5,2,7,NA,1
5,2,5,NA,3
NA,NA,NA,NA,NA
5,99,7,NA,1
5,2,5,NA,1
NA,NA,NA,NA,NA
NA,NA,NA,NA,NA
5,4,5,NA,1
5,98,3,NA,1
1,3,8,NA,1
5,4,1,NA,1
NA,NA,NA,NA,NA
5,98,5,NA,3
NA,NA,NA,NA,NA
5,3,5,NA,1
5,2,3,NA,1
5,2,7,NA,1
NA,NA,NA,NA,NA
NA,NA,NA,NA,NA
NA,NA,NA,NA,NA
NA,NA,NA,NA,NA
NA,NA,NA,NA,NA
NA,NA,NA,NA,NA
NA,NA,NA,NA,NA
NA,3,7,NA,1
5,4,7,NA,1
NA,98,3,NA,1
5,1,5,NA,1
NA,NA,NA,NA,NA
NA,NA,NA,NA,NA
NA,98,5,NA,1
5,4,3,NA,1
NA,NA,NA,NA,NA
5,98,7,NA,1
NA,NA,NA,NA,NA
1,98,3,NA,3
NA,NA,NA,NA,NA
5,98,3,NA,1
5,98,5,NA,1
5,2,5,NA,1
5,98,7,NA,1
5,4,7,NA,1
NA,NA,NA,NA,NA
5,97,5,NA,1
5,4,7,NA,3
5,2,5,NA,1
5,1,5,NA,1
5,2,7,NA,1
5,4,7,NA,1
5,2,1,NA,1
NA,NA,NA,NA,NA
1,3,5,NA,1
NA,NA,NA,NA,NA
NA,NA,NA,NA,NA
NA,NA,NA,NA,NA
1,1,5,NA,1
5,4,3,NA,3
NA,NA,NA,NA,NA
NA,NA,NA,NA,NA
NA,4,7,NA,1
NA,NA,NA,NA,NA
1,4,3,NA,1
NA,NA,NA,NA,NA
NA,99,7,NA,1
5,4,7,NA,8
1,98,5,NA,1
5,98,5,NA,1
1,2,5,NA,1
5,2,1,NA,1
5,2,5,NA,1
5,0,8,NA,1
NA,NA,NA,NA,NA
NA,NA,NA,NA,NA
5,2,7,NA,1
5,3,7,NA,1
NA,NA,NA,NA,NA
NA,NA,NA,NA,NA
5,4,7,NA,1
5,3,5,NA,3
NA,NA,NA,NA,NA
5,98,1,NA,1
NA,NA,NA,NA,NA
NA,3,7,NA,1
5,98,5,NA,1
5,3,5,NA,1
NA,NA,NA,NA,NA
1,2,3,NA,1
5,2,7,NA,1
NA,NA,NA,NA,NA
5,1,3,NA,1
NA,NA,NA,NA,NA
5,3,7,NA,1
NA,NA,NA,NA,NA
5,98,7,NA,1
5,1,1,NA,1
5,3,7,NA,1
5,4,7,NA,1
5,98,7,NA,1
NA,NA,NA,NA,NA
NA,NA,NA,NA,NA
5,2,7,NA,1
5,4,3,NA,1
NA,NA,NA,NA,NA
5,1,7,NA,1
NA,98,3,NA,1
5,2,5,NA,1
NA,NA,NA,NA,NA
NA,NA,NA,NA,NA
NA,NA,NA,NA,NA
NA,NA,NA,NA,NA
NA,NA,NA,NA,NA
1,98,5,NA,1
NA,NA,NA,NA,NA
NA,NA,NA,NA,NA
5,1,1,NA,1
NA,NA,NA,NA,NA
NA,NA,NA,NA,NA
5,1,3,NA,1
1,98,7,NA,1
5,2,5,NA,1
NA,NA,NA,NA,NA
5,98,7,NA,1
5,98,7,NA,7
1,1,3,NA,8
5,98,7,NA,1
5,3,5,NA,1
5,2,5,NA,1
5,97,7,NA,1
NA,NA,NA,NA,NA
NA,NA,NA,NA,NA
NA,NA,NA,NA,NA
5,4,7,NA,1
1,1,5,NA,8
5,1,3,NA,1
5,1,3,NA,1
NA,3,7,NA,1
NA,NA,NA,NA,NA
NA,NA,NA,NA,NA
5,98,7,NA,1
5,1,3,NA,1
NA,NA,NA,NA,NA
5,4,7,NA,1
1,1,3,NA,1
5,4,1,NA,1
NA,2,5,NA,1
5,98,7,NA,3
NA,NA,NA,NA,NA
5,1,1,NA,1
5,4,3,NA,1
5,1,5,NA,1
5,98,7,NA,1
NA,98,7,NA,1
NA,NA,NA,NA,NA
NA,98,5,NA,1
5,4,7,NA,1
5,1,7,NA,1
1,2,7,NA,1
5,98,1,NA,1
NA,2,5,NA,1
5,2,3,NA,1
5,98,7,NA,1
NA,NA,NA,NA,NA
NA,NA,NA,NA,NA
NA,NA,NA,NA,NA
NA,NA,NA,NA,NA
NA,NA,NA,NA,NA
1,98,7,NA,1
5,2,7,NA,7
NA,NA,NA,NA,NA
1,4,5,NA,1
NA,NA,NA,NA,NA
1,98,5,NA,1
5,2,3,NA,1
NA,NA,NA,NA,NA
5,2,5,NA,1
5,1,5,NA,1
NA,98,7,NA,3
NA,NA,NA,NA,NA
NA,NA,NA,NA,NA
NA,2,3,NA,1
5,1,1,NA,1
1,2,5,NA,1
1,98,7,NA,3
NA,NA,NA,NA,NA
NA,NA,NA,NA,NA
5,2,5,NA,1
NA,NA,NA,NA,NA
5,98,7,NA,1
NA,NA,NA,NA,NA
NA,NA,NA,NA,NA
5,4,7,NA,1
5,4,3,NA,1
5,2,5,NA,5
NA,NA,NA,NA,NA
NA,NA,NA,NA,NA
5,97,7,NA,7
NA,4,5,NA,1
NA,NA,NA,NA,NA
1,1,5,NA,3
5,1,3,NA,1
NA,NA,NA,NA,NA
5,2,7,NA,3
NA,NA,NA,NA,NA
NA,NA,NA,NA,NA
NA,98,5,NA,7
NA,0,7,NA,1
5,98,3,NA,1
5,98,8,NA,1
5,98,7,NA,1
1,2,7,NA,1
NA,98,7,NA,3
5,98,5,NA,3
5,98,5,NA,1
5,2,5,NA,1
5,1,3,NA,1
5,3,7,NA,1
5,98,7,NA,1
NA,NA,NA,NA,NA
5,4,7,NA,1
5,4,7,NA,1
5,1,7,NA,1
5,4,7,NA,1
5,98,7,NA,1
NA,NA,NA,NA,NA
NA,NA,NA,NA,NA
5,2,3,NA,1
5,2,3,NA,1
1,98,5,NA,1
NA,NA,NA,NA,NA
NA,NA,NA,NA,NA
NA,NA,NA,NA,NA
NA,NA,NA,NA,NA
NA,NA,NA,NA,NA
NA,NA,NA,NA,NA
5,1,7,NA,1
NA,NA,NA,NA,NA
NA,NA,NA,NA,NA
5,4,5,NA,1
5,98,5,NA,1
NA,NA,NA,NA,NA
NA,NA,NA,NA,NA
NA,NA,NA,NA,NA
5,98,7,NA,1
5,98,7,NA,1
NA,NA,NA,NA,NA
NA,NA,NA,NA,NA
NA,NA,NA,NA,NA
NA,NA,NA,NA,NA
5,98,5,NA,1
NA,NA,NA,NA,NA
1,4,5,NA,1
NA,NA,NA,NA,NA
5,4,3,NA,1
NA,98,5,NA,1
1,4,7,NA,1
5,2,7,NA,1
NA,NA,NA,NA,NA
5,98,1,NA,1
5,98,7,NA,1
5,98,3,NA,1
5,2,1,NA,1
NA,NA,NA,NA,NA
1,2,7,NA,1
5,98,7,NA,1
NA,NA,NA,NA,NA
5,2,5,NA,1
NA,NA,NA,NA,NA
5,3,7,NA,1
NA,NA,NA,NA,NA
5,4,3,NA,1
5,2,7,NA,1
5,98,7,NA,1
NA,NA,NA,NA,NA
5,1,3,NA,1
NA,NA,NA,NA,NA
NA,NA,NA,NA,NA
5,4,3,NA,1
NA,NA,NA,NA,NA
5,98,7,NA,1
1,1,3,NA,1
5,1,3,NA,1
NA,NA,NA,NA,NA
NA,NA,NA,NA,NA
NA,1,7,NA,7
NA,NA,NA,NA,NA
5,2,3,NA,1
5,2,3,NA,1
NA,NA,NA,NA,NA
NA,NA,NA,NA,NA
NA,NA,NA,NA,NA
5,98,7,NA,1
5,99,7,NA,1
NA,NA,NA,NA,NA
NA,NA,NA,NA,NA
1,4,7,NA,7
NA,NA,NA,NA,NA
NA,NA,NA,NA,NA
NA,NA,NA,NA,NA
5,97,7,NA,7
NA,NA,NA,NA,NA
5,98,3,NA,1
NA,NA,NA,NA,NA
NA,NA,NA,NA,NA
5,1,3,NA,1
NA,NA,NA,NA,NA
NA,NA,NA,NA,NA
5,3,7,NA,1
NA,NA,NA,NA,NA
5,4,3,NA,1
NA,NA,NA,NA,NA
5,4,7,NA,1
NA,2,7,NA,7
5,4,5,NA,3
5,2,5,NA,1
5,3,5,NA,3
5,98,7,NA,1
5,98,7,NA,1
NA,NA,NA,NA,NA
NA,4,5,NA,1
NA,1,3,NA,1
NA,NA,NA,NA,NA
5,4,7,NA,1
1,3,7,NA,1
1,4,3,NA,1
NA,3,7,NA,1
5,4,7,NA,1
NA,2,5,NA,1
NA,NA,NA,NA,NA
5,98,3,NA,1
5,2,1,NA,1
NA,NA,NA,NA,NA
NA,NA,NA,NA,NA
1,4,7,NA,1
1,1,3,NA,1
5,2,3,NA,1
NA,NA,NA,NA,NA
NA,NA,NA,NA,NA
NA,NA,NA,NA,NA
NA,NA,NA,NA,NA
NA,NA,NA,NA,NA
5,4,3,NA,1
1,2,3,NA,1
1,98,3,NA,1
NA,2,7,NA,1
1,1,3,NA,1
5,4,3,NA,1
5,2,5,NA,1
1,0,7,NA,1
5,2,7,NA,1
NA,NA,NA,NA,NA
5,3,3,NA,1
5,0,5,NA,1
NA,NA,NA,NA,NA
5,2,7,NA,1
5,2,7,NA,3
5,4,7,NA,1
5,98,7,NA,3
NA,NA,NA,NA,NA
NA,NA,NA,NA,NA
1,4,7,NA,1
NA,NA,NA,NA,NA
5,97,7,NA,1
5,1,7,NA,1
5,98,7,NA,1
5,2,5,NA,1
NA,NA,NA,NA,NA
NA,NA,NA,NA,NA
NA,NA,NA,NA,NA
NA,NA,NA,NA,NA
NA,NA,NA,NA,NA
1,4,7,NA,1
1,2,3,NA,1
NA,2,7,NA,3
5,98,7,NA,1
5,0,7,NA,1
5,98,7,NA,1
5,98,7,NA,1
NA,4,7,NA,1
5,1,7,NA,8
5,4,3,NA,1
5,4,7,NA,1
5,98,7,NA,3
NA,NA,NA,NA,NA
5,2,7,NA,7
5,1,5,NA,1
5,4,3,NA,1
NA,NA,NA,NA,NA
NA,NA,NA,NA,NA
NA,NA,NA,NA,NA
5,2,3,NA,1
5,4,5,NA,1
NA,NA,NA,NA,NA
1,2,5,NA,1
5,4,3,NA,1
1,0,7,NA,1
NA,NA,NA,NA,NA
NA,NA,NA,NA,NA
5,98,3,NA,1
NA,NA,NA,NA,NA
NA,NA,NA,NA,NA
1,0,7,NA,1
5,2,7,NA,1
5,98,3,NA,1
5,98,3,NA,1
5,3,7,NA,7
NA,NA,NA,NA,NA
5,98,7,NA,1
5,4,5,NA,1
NA,2,9,NA,1
NA,NA,NA,NA,NA
NA,4,7,NA,1
5,4,5,NA,1
NA,NA,NA,NA,NA
NA,NA,NA,NA,NA
5,2,7,NA,3
5,97,3,NA,3
NA,NA,NA,NA,NA
5,4,5,NA,1
NA,NA,NA,NA,NA
NA,NA,NA,NA,NA
5,2,7,NA,1
NA,NA,NA,NA,NA
NA,NA,NA,NA,NA
NA,NA,NA,NA,NA
5,98,5,NA,1
5,0,7,NA,1
1,4,7,NA,7
5,4,5,NA,1
NA,NA,NA,NA,NA
NA,NA,NA,NA,NA
5,1,5,NA,1
5,98,5,NA,1
1,98,7,NA,1
5,4,7,NA,1
NA,NA,NA,NA,NA
5,1,5,NA,1
NA,NA,NA,NA,NA
NA,NA,NA,NA,NA
NA,NA,NA,NA,NA
5,98,7,NA,1
5,1,5,NA,1
NA,NA,NA,NA,NA
NA,NA,NA,NA,NA
NA,NA,NA,NA,NA
NA,NA,NA,NA,NA
5,98,3,NA,1
5,2,7,NA,1
NA,NA,NA,NA,NA
NA,NA,NA,NA,NA
5,3,7,NA,1
1,98,5,NA,1
5,96,5,NA,5
NA,NA,NA,NA,NA
NA,NA,NA,NA,NA
NA,NA,NA,NA,NA
5,4,7,NA,1
5,4,5,NA,1
5,4,1,NA,1
5,4,3,NA,3
5,4,7,NA,5
NA,NA,NA,NA,NA
5,98,7,NA,1
5,3,5,NA,5
NA,NA,NA,NA,NA
5,4,7,NA,1
NA,NA,NA,NA,NA
5,98,3,NA,1
NA,NA,NA,NA,NA
NA,NA,NA,NA,NA
NA,NA,NA,NA,NA
5,98,7,NA,1
5,4,3,NA,1
NA,NA,NA,NA,NA
5,2,7,NA,7
NA,NA,NA,NA,NA
1,4,7,NA,1
1,2,3,NA,1
5,1,7,NA,1
NA,1,5,NA,1
NA,NA,NA,NA,NA
NA,2,5,NA,1
5,98,7,NA,1
NA,NA,NA,NA,NA
NA,NA,NA,NA,NA
5,98,3,NA,5
1,4,7,NA,1
5,0,3,NA,1
NA,NA,NA,NA,NA
NA,NA,NA,NA,NA
5,1,5,NA,7
5,4,5,NA,1
5,4,7,NA,1
NA,NA,NA,NA,NA
5,2,3,NA,1
5,2,3,NA,1
NA,NA,NA,NA,NA
5,1,7,NA,1
5,1,7,NA,1
5,1,3,NA,1
5,2,5,NA,1
1,1,5,NA,1
5,0,1,NA,1
5,1,3,NA,7
5,1,1,NA,1
NA,NA,NA,NA,NA
5,98,5,NA,5
NA,NA,NA,NA,NA
NA,NA,NA,NA,NA
NA,NA,NA,NA,NA
NA,NA,NA,NA,NA
5,98,7,NA,3
5,3,5,NA,1
NA,NA,NA,NA,NA
NA,NA,NA,NA,NA
5,98,5,NA,1
NA,NA,NA,NA,NA
1,3,7,NA,1
5,98,7,NA,1
5,98,5,NA,1
5,98,5,NA,3
NA,NA,NA,NA,NA
NA,4,5,NA,1
5,98,7,NA,3
5,3,3,NA,1
1,2,5,NA,1
NA,NA,NA,NA,NA
NA,3,3,NA,1
5,0,7,NA,1
1,1,5,NA,1
5,98,3,NA,1
NA,NA,NA,NA,NA
NA,NA,NA,NA,NA
5,2,3,NA,1
NA,NA,NA,NA,NA
NA,NA,NA,NA,NA
NA,NA,NA,NA,NA
5,4,5,NA,1
5,1,7,NA,1
5,0,5,NA,3
5,2,7,NA,1
NA,NA,NA,NA,NA
5,4,5,NA,1
NA,NA,NA,NA,NA
5,2,7,NA,1
NA,NA,NA,NA,NA
NA,4,7,NA,1
5,3,5,NA,1
5,2,7,NA,1
NA,NA,NA,NA,NA
5,98,5,NA,1
NA,2,7,NA,1
5,1,5,NA,1
NA,NA,NA,NA,NA
5,98,8,NA,1
5,2,7,NA,1
5,4,3,NA,1
5,2,7,NA,1
NA,NA,NA,NA,NA
NA,NA,NA,NA,NA
NA,98,3,NA,1
5,2,7,NA,1
1,4,5,NA,1
5,98,5,NA,1
5,4,7,NA,1
5,3,8,NA,1
1,3,7,NA,1
NA,NA,NA,NA,NA
NA,NA,NA,NA,NA
5,96,3,NA,7
5,3,7,NA,1
NA,NA,NA,NA,NA
NA,NA,NA,NA,NA
5,98,3,NA,1
NA,NA,NA,NA,NA
NA,NA,NA,NA,NA
5,3,5,NA,1
NA,4,7,NA,1
5,4,7,NA,5
5,2,5,NA,1
NA,NA,NA,NA,NA
NA,NA,NA,NA,NA
NA,NA,NA,NA,NA
1,98,3,NA,1
NA,NA,NA,NA,NA
5,98,7,NA,1
1,98,7,NA,1
5,2,7,NA,1
5,4,7,NA,1
1,4,3,NA,1
5,2,9,NA,3
5,3,5,NA,1
NA,NA,NA,NA,NA
1,2,5,NA,1
5,98,7,NA,1
5,98,1,NA,1
5,2,5,NA,5
5,4,3,NA,1
5,2,7,NA,1
NA,NA,NA,NA,NA
5,4,5,NA,1
1,4,7,NA,1
5,1,3,NA,1
5,1,3,NA,3
NA,NA,NA,NA,NA
NA,NA,NA,NA,NA
NA,NA,NA,NA,NA
1,4,5,NA,1
1,0,5,NA,1
5,98,7,NA,1
NA,NA,NA,NA,NA
NA,98,5,NA,3
5,98,7,NA,1
NA,NA,NA,NA,NA
5,1,5,NA,1
5,98,3,NA,3
NA,NA,NA,NA,NA
NA,NA,NA,NA,NA
5,3,7,NA,1
NA,NA,NA,NA,NA
5,98,5,NA,1
1,1,3,NA,1
1,2,7,NA,1
NA,NA,NA,NA,NA
5,1,5,NA,1
5,4,5,NA,1
NA,NA,NA,NA,NA
5,98,5,NA,1
5,1,5,NA,1
NA,NA,NA,NA,NA
NA,NA,NA,NA,NA
NA,NA,NA,NA,NA
NA,NA,NA,NA,NA
5,4,3,NA,1
NA,NA,NA,NA,NA
NA,NA,NA,NA,NA
5,0,7,NA,1
1,4,7,NA,1
1,0,8,NA,1
5,99,1,NA,1
NA,NA,NA,NA,NA
NA,NA,NA,NA,NA
5,3,5,NA,1
NA,4,7,NA,1
5,98,7,NA,3
NA,98,5,NA,1
5,4,7,NA,7
NA,NA,NA,NA,NA
5,98,7,NA,1
1,4,5,NA,1
5,2,7,NA,1
NA,NA,NA,NA,NA
NA,NA,NA,NA,NA
5,4,7,NA,1
5,2,3,NA,1
5,2,3,NA,1
NA,NA,NA,NA,NA
NA,NA,NA,NA,NA
5,4,5,NA,1
5,2,7,NA,1
1,98,7,NA,7
5,98,5,NA,3
5,4,7,NA,1
NA,NA,NA,NA,NA
NA,NA,NA,NA,NA
NA,NA,NA,NA,NA
NA,NA,NA,NA,NA
NA,NA,NA,NA,NA
5,2,7,NA,1
NA,NA,NA,NA,NA
5,2,7,NA,5
5,1,3,NA,5
NA,2,5,NA,1
5,2,7,NA,1
NA,NA,NA,NA,NA
5,98,3,NA,1
NA,NA,NA,NA,NA
5,2,5,NA,1
NA,NA,NA,NA,NA
NA,NA,NA,NA,NA
NA,NA,NA,NA,NA
NA,NA,NA,NA,NA
NA,NA,NA,NA,NA
5,2,7,NA,1
NA,2,7,NA,1
NA,NA,NA,NA,NA
5,2,7,NA,1
NA,NA,NA,NA,NA
NA,2,7,NA,1
1,5,7,NA,3
NA,NA,NA,NA,NA
NA,NA,NA,NA,NA
NA,NA,NA,NA,NA
5,2,3,NA,1
NA,NA,NA,NA,NA
5,2,7,NA,1
NA,1,3,NA,1
5,98,7,NA,1
NA,NA,NA,NA,NA
NA,NA,NA,NA,NA
NA,NA,NA,NA,NA
NA,NA,NA,NA,NA
NA,NA,NA,NA,NA
1,2,3,NA,1
5,0,3,NA,3
NA,NA,NA,NA,NA
NA,NA,NA,NA,NA
NA,NA,NA,NA,NA
5,2,7,NA,3
NA,NA,NA,NA,NA
NA,NA,NA,NA,NA
5,2,7,NA,1
NA,NA,NA,NA,NA
NA,NA,NA,NA,NA
5,2,7,NA,1
1,98,7,NA,1
1,2,7,NA,1
NA,NA,NA,NA,NA
5,2,7,NA,1
5,1,3,NA,1
NA,NA,NA,NA,NA
NA,NA,NA,NA,NA
5,1,7,NA,1
5,2,7,NA,1
NA,NA,NA,NA,NA
NA,NA,NA,NA,NA
5,2,7,NA,1
NA,NA,NA,NA,NA
NA,NA,NA,NA,NA
NA,NA,NA,NA,NA
5,2,1,NA,1
5,2,7,NA,1
5,2,7,NA,1
NA,NA,NA,NA,NA
NA,NA,NA,NA,NA
5,98,1,NA,3
5,2,5,NA,1
NA,NA,NA,NA,NA
NA,NA,NA,NA,NA
1,2,7,NA,1
NA,NA,NA,NA,NA
NA,NA,NA,NA,NA
NA,NA,NA,NA,NA
NA,NA,NA,NA,NA
NA,NA,NA,NA,NA
NA,NA,NA,NA,NA
1,1,5,NA,1
5,3,5,NA,1
1,1,7,NA,1
5,5,7,NA,1
5,98,5,NA,1
5,98,5,NA,3
NA,NA,NA,NA,NA
NA,NA,NA,NA,NA
5,2,7,NA,1
NA,NA,NA,NA,NA
NA,NA,NA,NA,NA
NA,NA,NA,NA,NA
5,2,5,NA,1
5,1,1,NA,1
NA,NA,NA,NA,NA
NA,NA,NA,NA,NA
NA,1,5,NA,1
NA,NA,NA,NA,NA
1,2,7,NA,1
1,98,7,NA,3
NA,98,9,NA,1
5,97,7,NA,7
NA,1,5,NA,1
NA,2,5,NA,1
1,97,7,NA,1
